,samples,trajectories,rewards,iter,samples_readable,trajectories_readable
0,"[2, [8, 2, 229], {78: 6}, [1, [0], [0.34436097741127014, 0.0, 0.0, 0.0, 0.0, 0.0]]]","[(0, 2, 229, 0, 0, 0, 0, 0, 0), (0, -1, -1, -1, 0, 0, 0, 0, 0), (1, 78, 6, 0, 0, 0, 0, 0, 0), (1, -1, -1, 0, 0, 0, 0, 0, 0), (2, 0, 0, 0, 0, 0, 0, 0, 0), (2, 1, 0.34436097741127014, 0.0, 0.0, 0.0, 0.0, 0.0, 1.0), (2, 1, inf, inf, inf, inf, inf, inf, inf)]",1.0,866,"Stage 2; 229 | Im-3m | cubic (8) | centrosymmetric (2) | hexoctahedral | m-3m; Pt6; Stage 1; cubic; (2.6887219548225403, 2.6887219548225403, 2.6887219548225403), (90.0, 90.0, 90.0)",[[0 2 229 0 0 0 0 0 0] [0 -1 -1 -1 0 0 0 0 0] [1 78 6 0 0 0 0 0 0] [1 -1 -1 0 0 0 0 0 0] [2 0 0 0 0 0 0 0 0] [2 1 0.34436097741127014 0.0 0.0 0.0 0.0 0.0 1.0] [2 1 inf inf inf inf inf inf inf]]
1,"[2, [8, 2, 229], {78: 6}, [1, [0], [0.34435898065567017, 0.0, 0.0, 0.0, 0.0, 0.0]]]","[(0, 1, 2, 0, 0, 0, 0, 0, 0), (0, 2, 229, 2, 0, 0, 0, 0, 0), (0, -1, -1, -1, 0, 0, 0, 0, 0), (1, 78, 6, 0, 0, 0, 0, 0, 0), (1, -1, -1, 0, 0, 0, 0, 0, 0), (2, 0, 0, 0, 0, 0, 0, 0, 0), (2, 1, 0.34435898065567017, 0.0, 0.0, 0.0, 0.0, 0.0, 1.0), (2, 1, inf, inf, inf, inf, inf, inf, inf)]",1.0,1413,"Stage 2; 229 | Im-3m | cubic (8) | centrosymmetric (2) | hexoctahedral | m-3m; Pt6; Stage 1; cubic; (2.6887179613113403, 2.6887179613113403, 2.6887179613113403), (90.0, 90.0, 90.0)",[[0 1 2 0 0 0 0 0 0] [0 2 229 2 0 0 0 0 0] [0 -1 -1 -1 0 0 0 0 0] [1 78 6 0 0 0 0 0 0] [1 -1 -1 0 0 0 0 0 0] [2 0 0 0 0 0 0 0 0] [2 1 0.34435898065567017 0.0 0.0 0.0 0.0 0.0 1.0] [2 1 inf inf inf inf inf inf inf]]
2,"[2, [4, 2, 139], {78: 6}, [1, [5], [0.3485676944255829, 0.0, 0.33598533272743225, 0.0, 0.0, 0.0]]]","[(0, 0, 4, 0, 0, 0, 0, 0, 0), (0, 1, 2, 1, 0, 0, 0, 0, 0), (0, 2, 139, 3, 0, 0, 0, 0, 0), (0, -1, -1, -1, 0, 0, 0, 0, 0), (1, 78, 6, 0, 0, 0, 0, 0, 0), (1, -1, -1, 0, 0, 0, 0, 0, 0), (2, 0, 0, 0, 0, 0, 0, 0, 0), (2, 1, 0.3485676944255829, 0.0, 0.33598533272743225, 0.0, 0.0, 0.0, 1.0), (2, 1, inf, inf, inf, inf, inf, inf, inf)]",1.0,1439,"Stage 2; 139 | I4/mmm | tetragonal (4) | centrosymmetric (2) | ditetragonal-dipyramidal | 4/mmm; Pt6; Stage 1; tetragonal; (2.6971353888511658, 2.6971353888511658, 2.6719706654548645), (90.0, 90.0, 90.0)",[[0 0 4 0 0 0 0 0 0] [0 1 2 1 0 0 0 0 0] [0 2 139 3 0 0 0 0 0] [0 -1 -1 -1 0 0 0 0 0] [1 78 6 0 0 0 0 0 0] [1 -1 -1 0 0 0 0 0 0] [2 0 0 0 0 0 0 0 0] [2 1 0.3485676944255829 0.0 0.33598533272743225 0.0 0.0 0.0 1.0] [2 1 inf inf inf inf inf inf inf]]
3,"[2, [4, 2, 139], {78: 6}, [1, [5], [0.40908002853393555, 0.0, 0.22368663549423218, 0.0, 0.0, 0.0]]]","[(0, 1, 2, 0, 0, 0, 0, 0, 0), (0, 2, 139, 2, 0, 0, 0, 0, 0), (0, -1, -1, -1, 0, 0, 0, 0, 0), (1, 78, 6, 0, 0, 0, 0, 0, 0), (1, -1, -1, 0, 0, 0, 0, 0, 0), (2, 0, 0, 0, 0, 0, 0, 0, 0), (2, 1, 0.40908002853393555, 0.0, 0.22368663549423218, 0.0, 0.0, 0.0, 1.0), (2, 1, inf, inf, inf, inf, inf, inf, inf)]",1.0,1653,"Stage 2; 139 | I4/mmm | tetragonal (4) | centrosymmetric (2) | ditetragonal-dipyramidal | 4/mmm; Pt6; Stage 1; tetragonal; (2.818160057067871, 2.818160057067871, 2.4473732709884644), (90.0, 90.0, 90.0)",[[0 1 2 0 0 0 0 0 0] [0 2 139 2 0 0 0 0 0] [0 -1 -1 -1 0 0 0 0 0] [1 78 6 0 0 0 0 0 0] [1 -1 -1 0 0 0 0 0 0] [2 0 0 0 0 0 0 0 0] [2 1 0.40908002853393555 0.0 0.22368663549423218 0.0 0.0 0.0 1.0] [2 1 inf inf inf inf inf inf inf]]
4,"[2, [8, 2, 229], {78: 6}, [1, [0], [0.34436124563217163, 0.0, 0.0, 0.0, 0.0, 0.0]]]","[(0, 0, 8, 0, 0, 0, 0, 0, 0), (0, 1, 2, 1, 0, 0, 0, 0, 0), (0, 2, 229, 3, 0, 0, 0, 0, 0), (0, -1, -1, -1, 0, 0, 0, 0, 0), (1, 78, 6, 0, 0, 0, 0, 0, 0), (1, -1, -1, 0, 0, 0, 0, 0, 0), (2, 0, 0, 0, 0, 0, 0, 0, 0), (2, 1, 0.34436124563217163, 0.0, 0.0, 0.0, 0.0, 0.0, 1.0), (2, 1, inf, inf, inf, inf, inf, inf, inf)]",1.0,2220,"Stage 2; 229 | Im-3m | cubic (8) | centrosymmetric (2) | hexoctahedral | m-3m; Pt6; Stage 1; cubic; (2.6887224912643433, 2.6887224912643433, 2.6887224912643433), (90.0, 90.0, 90.0)",[[0 0 8 0 0 0 0 0 0] [0 1 2 1 0 0 0 0 0] [0 2 229 3 0 0 0 0 0] [0 -1 -1 -1 0 0 0 0 0] [1 78 6 0 0 0 0 0 0] [1 -1 -1 0 0 0 0 0 0] [2 0 0 0 0 0 0 0 0] [2 1 0.34436124563217163 0.0 0.0 0.0 0.0 0.0 1.0] [2 1 inf inf inf inf inf inf inf]]
5,"[2, [8, 2, 229], {78: 6}, [1, [0], [0.34435272216796875, 0.0, 0.0, 0.0, 0.0, 0.0]]]","[(0, 2, 229, 0, 0, 0, 0, 0, 0), (0, -1, -1, -1, 0, 0, 0, 0, 0), (1, 78, 6, 0, 0, 0, 0, 0, 0), (1, -1, -1, 0, 0, 0, 0, 0, 0), (2, 0, 0, 0, 0, 0, 0, 0, 0), (2, 1, 0.34435272216796875, 0.0, 0.0, 0.0, 0.0, 0.0, 1.0), (2, 1, inf, inf, inf, inf, inf, inf, inf)]",1.0,2786,"Stage 2; 229 | Im-3m | cubic (8) | centrosymmetric (2) | hexoctahedral | m-3m; Pt6; Stage 1; cubic; (2.6887054443359375, 2.6887054443359375, 2.6887054443359375), (90.0, 90.0, 90.0)",[[0 2 229 0 0 0 0 0 0] [0 -1 -1 -1 0 0 0 0 0] [1 78 6 0 0 0 0 0 0] [1 -1 -1 0 0 0 0 0 0] [2 0 0 0 0 0 0 0 0] [2 1 0.34435272216796875 0.0 0.0 0.0 0.0 0.0 1.0] [2 1 inf inf inf inf inf inf inf]]
6,"[2, [8, 2, 229], {78: 6}, [1, [0], [0.3443484604358673, 0.0, 0.0, 0.0, 0.0, 0.0]]]","[(0, 2, 229, 0, 0, 0, 0, 0, 0), (0, -1, -1, -1, 0, 0, 0, 0, 0), (1, 78, 6, 0, 0, 0, 0, 0, 0), (1, -1, -1, 0, 0, 0, 0, 0, 0), (2, 0, 0, 0, 0, 0, 0, 0, 0), (2, 1, 0.3443484604358673, 0.0, 0.0, 0.0, 0.0, 0.0, 1.0), (2, 1, inf, inf, inf, inf, inf, inf, inf)]",1.0,3946,"Stage 2; 229 | Im-3m | cubic (8) | centrosymmetric (2) | hexoctahedral | m-3m; Pt6; Stage 1; cubic; (2.6886969208717346, 2.6886969208717346, 2.6886969208717346), (90.0, 90.0, 90.0)",[[0 2 229 0 0 0 0 0 0] [0 -1 -1 -1 0 0 0 0 0] [1 78 6 0 0 0 0 0 0] [1 -1 -1 0 0 0 0 0 0] [2 0 0 0 0 0 0 0 0] [2 1 0.3443484604358673 0.0 0.0 0.0 0.0 0.0 1.0] [2 1 inf inf inf inf inf inf inf]]
7,"[2, [8, 2, 229], {78: 6}, [1, [0], [0.34435105323791504, 0.0, 0.0, 0.0, 0.0, 0.0]]]","[(0, 1, 2, 0, 0, 0, 0, 0, 0), (0, 2, 229, 2, 0, 0, 0, 0, 0), (0, -1, -1, -1, 0, 0, 0, 0, 0), (1, 78, 6, 0, 0, 0, 0, 0, 0), (1, -1, -1, 0, 0, 0, 0, 0, 0), (2, 0, 0, 0, 0, 0, 0, 0, 0), (2, 1, 0.34435105323791504, 0.0, 0.0, 0.0, 0.0, 0.0, 1.0), (2, 1, inf, inf, inf, inf, inf, inf, inf)]",1.0,4196,"Stage 2; 229 | Im-3m | cubic (8) | centrosymmetric (2) | hexoctahedral | m-3m; Pt6; Stage 1; cubic; (2.68870210647583, 2.68870210647583, 2.68870210647583), (90.0, 90.0, 90.0)",[[0 1 2 0 0 0 0 0 0] [0 2 229 2 0 0 0 0 0] [0 -1 -1 -1 0 0 0 0 0] [1 78 6 0 0 0 0 0 0] [1 -1 -1 0 0 0 0 0 0] [2 0 0 0 0 0 0 0 0] [2 1 0.34435105323791504 0.0 0.0 0.0 0.0 0.0 1.0] [2 1 inf inf inf inf inf inf inf]]
8,"[2, [8, 2, 229], {78: 6}, [1, [0], [0.34435006976127625, 0.0, 0.0, 0.0, 0.0, 0.0]]]","[(0, 1, 2, 0, 0, 0, 0, 0, 0), (0, 0, 8, 2, 0, 0, 0, 0, 0), (0, 2, 229, 3, 0, 0, 0, 0, 0), (0, -1, -1, -1, 0, 0, 0, 0, 0), (1, 78, 6, 0, 0, 0, 0, 0, 0), (1, -1, -1, 0, 0, 0, 0, 0, 0), (2, 0, 0, 0, 0, 0, 0, 0, 0), (2, 1, 0.34435006976127625, 0.0, 0.0, 0.0, 0.0, 0.0, 1.0), (2, 1, inf, inf, inf, inf, inf, inf, inf)]",1.0,4801,"Stage 2; 229 | Im-3m | cubic (8) | centrosymmetric (2) | hexoctahedral | m-3m; Pt6; Stage 1; cubic; (2.6887001395225525, 2.6887001395225525, 2.6887001395225525), (90.0, 90.0, 90.0)",[[0 1 2 0 0 0 0 0 0] [0 0 8 2 0 0 0 0 0] [0 2 229 3 0 0 0 0 0] [0 -1 -1 -1 0 0 0 0 0] [1 78 6 0 0 0 0 0 0] [1 -1 -1 0 0 0 0 0 0] [2 0 0 0 0 0 0 0 0] [2 1 0.34435006976127625 0.0 0.0 0.0 0.0 0.0 1.0] [2 1 inf inf inf inf inf inf inf]]
9,"[2, [2, 2, 11], {78: 6}, [1, [2], [0.31932544708251953, 0.4479123651981354, 0.2808471620082855, 0.0, 0.4597720205783844, 0.0]]]","[(0, 2, 11, 0, 0, 0, 0, 0, 0), (0, -1, -1, -1, 0, 0, 0, 0, 0), (1, 78, 6, 0, 0, 0, 0, 0, 0), (1, -1, -1, 0, 0, 0, 0, 0, 0), (2, 0, 0, 0, 0, 0, 0, 0, 0), (2, 1, 0.31932544708251953, 0.4479123651981354, 0.2808471620082855, 0.0, 0.4597720205783844, 0.0, 1.0), (2, 1, inf, inf, inf, inf, inf, inf, inf)]",1.0,5258,"Stage 2; 11 | P12_1/m1 | monoclinic (2) | centrosymmetric (2) | prismatic | 2/m; Pt6; Stage 1; monoclinic; (2.638650894165039, 2.8958247303962708, 2.561694324016571), (90.0, 96.78176164627075, 90.0)",[[0 2 11 0 0 0 0 0 0] [0 -1 -1 -1 0 0 0 0 0] [1 78 6 0 0 0 0 0 0] [1 -1 -1 0 0 0 0 0 0] [2 0 0 0 0 0 0 0 0] [2 1 0.31932544708251953 0.4479123651981354 0.2808471620082855 0.0 0.4597720205783844 0.0 1.0] [2 1 inf inf inf inf inf inf inf]]
10,"[2, [8, 2, 225], {78: 4}, [1, [0], [0.1743992269039154, 0.0, 0.0, 0.0, 0.0, 0.0]]]","[(0, 0, 8, 0, 0, 0, 0, 0, 0), (0, 2, 225, 1, 0, 0, 0, 0, 0), (0, -1, -1, -1, 0, 0, 0, 0, 0), (1, 78, 4, 0, 0, 0, 0, 0, 0), (1, -1, -1, 0, 0, 0, 0, 0, 0), (2, 0, 0, 0, 0, 0, 0, 0, 0), (2, 1, 0.1743992269039154, 0.0, 0.0, 0.0, 0.0, 0.0, 1.0), (2, 1, inf, inf, inf, inf, inf, inf, inf)]",1.0,5691,"Stage 2; 225 | Fm-3m | cubic (8) | centrosymmetric (2) | hexoctahedral | m-3m; Pt4; Stage 1; cubic; (2.348798453807831, 2.348798453807831, 2.348798453807831), (90.0, 90.0, 90.0)",[[0 0 8 0 0 0 0 0 0] [0 2 225 1 0 0 0 0 0] [0 -1 -1 -1 0 0 0 0 0] [1 78 4 0 0 0 0 0 0] [1 -1 -1 0 0 0 0 0 0] [2 0 0 0 0 0 0 0 0] [2 1 0.1743992269039154 0.0 0.0 0.0 0.0 0.0 1.0] [2 1 inf inf inf inf inf inf inf]]
11,"[2, [8, 2, 229], {46: 6}, [1, [0], [0.09845200181007385, 0.0, 0.0, 0.0, 0.0, 0.0]]]","[(0, 1, 2, 0, 0, 0, 0, 0, 0), (0, 2, 229, 2, 0, 0, 0, 0, 0), (0, -1, -1, -1, 0, 0, 0, 0, 0), (1, 46, 6, 0, 0, 0, 0, 0, 0), (1, -1, -1, 0, 0, 0, 0, 0, 0), (2, 0, 0, 0, 0, 0, 0, 0, 0), (2, 1, 0.09845200181007385, 0.0, 0.0, 0.0, 0.0, 0.0, 1.0), (2, 1, inf, inf, inf, inf, inf, inf, inf)]",1.0,6564,"Stage 2; 229 | Im-3m | cubic (8) | centrosymmetric (2) | hexoctahedral | m-3m; Pd6; Stage 1; cubic; (2.1969040036201477, 2.1969040036201477, 2.1969040036201477), (90.0, 90.0, 90.0)",[[0 1 2 0 0 0 0 0 0] [0 2 229 2 0 0 0 0 0] [0 -1 -1 -1 0 0 0 0 0] [1 46 6 0 0 0 0 0 0] [1 -1 -1 0 0 0 0 0 0] [2 0 0 0 0 0 0 0 0] [2 1 0.09845200181007385 0.0 0.0 0.0 0.0 0.0 1.0] [2 1 inf inf inf inf inf inf inf]]
12,"[2, [8, 2, 225], {78: 4}, [1, [0], [0.1744040846824646, 0.0, 0.0, 0.0, 0.0, 0.0]]]","[(0, 2, 225, 0, 0, 0, 0, 0, 0), (0, -1, -1, -1, 0, 0, 0, 0, 0), (1, 78, 4, 0, 0, 0, 0, 0, 0), (1, -1, -1, 0, 0, 0, 0, 0, 0), (2, 0, 0, 0, 0, 0, 0, 0, 0), (2, 1, 0.1744040846824646, 0.0, 0.0, 0.0, 0.0, 0.0, 1.0), (2, 1, inf, inf, inf, inf, inf, inf, inf)]",1.0,6617,"Stage 2; 225 | Fm-3m | cubic (8) | centrosymmetric (2) | hexoctahedral | m-3m; Pt4; Stage 1; cubic; (2.348808169364929, 2.348808169364929, 2.348808169364929), (90.0, 90.0, 90.0)",[[0 2 225 0 0 0 0 0 0] [0 -1 -1 -1 0 0 0 0 0] [1 78 4 0 0 0 0 0 0] [1 -1 -1 0 0 0 0 0 0] [2 0 0 0 0 0 0 0 0] [2 1 0.1744040846824646 0.0 0.0 0.0 0.0 0.0 1.0] [2 1 inf inf inf inf inf inf inf]]
13,"[2, [8, 2, 229], {78: 6}, [1, [0], [0.34435829520225525, 0.0, 0.0, 0.0, 0.0, 0.0]]]","[(0, 0, 8, 0, 0, 0, 0, 0, 0), (0, 2, 229, 1, 0, 0, 0, 0, 0), (0, -1, -1, -1, 0, 0, 0, 0, 0), (1, 78, 6, 0, 0, 0, 0, 0, 0), (1, -1, -1, 0, 0, 0, 0, 0, 0), (2, 0, 0, 0, 0, 0, 0, 0, 0), (2, 1, 0.34435829520225525, 0.0, 0.0, 0.0, 0.0, 0.0, 1.0), (2, 1, inf, inf, inf, inf, inf, inf, inf)]",1.0,6780,"Stage 2; 229 | Im-3m | cubic (8) | centrosymmetric (2) | hexoctahedral | m-3m; Pt6; Stage 1; cubic; (2.6887165904045105, 2.6887165904045105, 2.6887165904045105), (90.0, 90.0, 90.0)",[[0 0 8 0 0 0 0 0 0] [0 2 229 1 0 0 0 0 0] [0 -1 -1 -1 0 0 0 0 0] [1 78 6 0 0 0 0 0 0] [1 -1 -1 0 0 0 0 0 0] [2 0 0 0 0 0 0 0 0] [2 1 0.34435829520225525 0.0 0.0 0.0 0.0 0.0 1.0] [2 1 inf inf inf inf inf inf inf]]
14,"[2, [8, 2, 225], {78: 4}, [1, [0], [0.1744013875722885, 0.0, 0.0, 0.0, 0.0, 0.0]]]","[(0, 2, 225, 0, 0, 0, 0, 0, 0), (0, -1, -1, -1, 0, 0, 0, 0, 0), (1, 78, 4, 0, 0, 0, 0, 0, 0), (1, -1, -1, 0, 0, 0, 0, 0, 0), (2, 0, 0, 0, 0, 0, 0, 0, 0), (2, 1, 0.1744013875722885, 0.0, 0.0, 0.0, 0.0, 0.0, 1.0), (2, 1, inf, inf, inf, inf, inf, inf, inf)]",1.0,6806,"Stage 2; 225 | Fm-3m | cubic (8) | centrosymmetric (2) | hexoctahedral | m-3m; Pt4; Stage 1; cubic; (2.348802775144577, 2.348802775144577, 2.348802775144577), (90.0, 90.0, 90.0)",[[0 2 225 0 0 0 0 0 0] [0 -1 -1 -1 0 0 0 0 0] [1 78 4 0 0 0 0 0 0] [1 -1 -1 0 0 0 0 0 0] [2 0 0 0 0 0 0 0 0] [2 1 0.1744013875722885 0.0 0.0 0.0 0.0 0.0 1.0] [2 1 inf inf inf inf inf inf inf]]
15,"[2, [8, 2, 229], {46: 6}, [1, [0], [0.09845080226659775, 0.0, 0.0, 0.0, 0.0, 0.0]]]","[(0, 2, 229, 0, 0, 0, 0, 0, 0), (0, -1, -1, -1, 0, 0, 0, 0, 0), (1, 46, 6, 0, 0, 0, 0, 0, 0), (1, -1, -1, 0, 0, 0, 0, 0, 0), (2, 0, 0, 0, 0, 0, 0, 0, 0), (2, 1, 0.09845080226659775, 0.0, 0.0, 0.0, 0.0, 0.0, 1.0), (2, 1, inf, inf, inf, inf, inf, inf, inf)]",1.0,7434,"Stage 2; 229 | Im-3m | cubic (8) | centrosymmetric (2) | hexoctahedral | m-3m; Pd6; Stage 1; cubic; (2.1969016045331955, 2.1969016045331955, 2.1969016045331955), (90.0, 90.0, 90.0)",[[0 2 229 0 0 0 0 0 0] [0 -1 -1 -1 0 0 0 0 0] [1 46 6 0 0 0 0 0 0] [1 -1 -1 0 0 0 0 0 0] [2 0 0 0 0 0 0 0 0] [2 1 0.09845080226659775 0.0 0.0 0.0 0.0 0.0 1.0] [2 1 inf inf inf inf inf inf inf]]
16,"[2, [8, 2, 225], {78: 4}, [1, [0], [0.1744050532579422, 0.0, 0.0, 0.0, 0.0, 0.0]]]","[(0, 2, 225, 0, 0, 0, 0, 0, 0), (0, -1, -1, -1, 0, 0, 0, 0, 0), (1, 78, 4, 0, 0, 0, 0, 0, 0), (1, -1, -1, 0, 0, 0, 0, 0, 0), (2, 0, 0, 0, 0, 0, 0, 0, 0), (2, 1, 0.1744050532579422, 0.0, 0.0, 0.0, 0.0, 0.0, 1.0), (2, 1, inf, inf, inf, inf, inf, inf, inf)]",1.0,7689,"Stage 2; 225 | Fm-3m | cubic (8) | centrosymmetric (2) | hexoctahedral | m-3m; Pt4; Stage 1; cubic; (2.3488101065158844, 2.3488101065158844, 2.3488101065158844), (90.0, 90.0, 90.0)",[[0 2 225 0 0 0 0 0 0] [0 -1 -1 -1 0 0 0 0 0] [1 78 4 0 0 0 0 0 0] [1 -1 -1 0 0 0 0 0 0] [2 0 0 0 0 0 0 0 0] [2 1 0.1744050532579422 0.0 0.0 0.0 0.0 0.0 1.0] [2 1 inf inf inf inf inf inf inf]]
17,"[2, [8, 2, 229], {78: 6}, [1, [0], [0.34435054659843445, 0.0, 0.0, 0.0, 0.0, 0.0]]]","[(0, 2, 229, 0, 0, 0, 0, 0, 0), (0, -1, -1, -1, 0, 0, 0, 0, 0), (1, 78, 6, 0, 0, 0, 0, 0, 0), (1, -1, -1, 0, 0, 0, 0, 0, 0), (2, 0, 0, 0, 0, 0, 0, 0, 0), (2, 1, 0.34435054659843445, 0.0, 0.0, 0.0, 0.0, 0.0, 1.0), (2, 1, inf, inf, inf, inf, inf, inf, inf)]",1.0,9265,"Stage 2; 229 | Im-3m | cubic (8) | centrosymmetric (2) | hexoctahedral | m-3m; Pt6; Stage 1; cubic; (2.688701093196869, 2.688701093196869, 2.688701093196869), (90.0, 90.0, 90.0)",[[0 2 229 0 0 0 0 0 0] [0 -1 -1 -1 0 0 0 0 0] [1 78 6 0 0 0 0 0 0] [1 -1 -1 0 0 0 0 0 0] [2 0 0 0 0 0 0 0 0] [2 1 0.34435054659843445 0.0 0.0 0.0 0.0 0.0 1.0] [2 1 inf inf inf inf inf inf inf]]
18,"[2, [8, 2, 229], {46: 6}, [1, [0], [0.09844858199357986, 0.0, 0.0, 0.0, 0.0, 0.0]]]","[(0, 1, 2, 0, 0, 0, 0, 0, 0), (0, 2, 229, 2, 0, 0, 0, 0, 0), (0, -1, -1, -1, 0, 0, 0, 0, 0), (1, 46, 6, 0, 0, 0, 0, 0, 0), (1, -1, -1, 0, 0, 0, 0, 0, 0), (2, 0, 0, 0, 0, 0, 0, 0, 0), (2, 1, 0.09844858199357986, 0.0, 0.0, 0.0, 0.0, 0.0, 1.0), (2, 1, inf, inf, inf, inf, inf, inf, inf)]",1.0,9863,"Stage 2; 229 | Im-3m | cubic (8) | centrosymmetric (2) | hexoctahedral | m-3m; Pd6; Stage 1; cubic; (2.1968971639871597, 2.1968971639871597, 2.1968971639871597), (90.0, 90.0, 90.0)",[[0 1 2 0 0 0 0 0 0] [0 2 229 2 0 0 0 0 0] [0 -1 -1 -1 0 0 0 0 0] [1 46 6 0 0 0 0 0 0] [1 -1 -1 0 0 0 0 0 0] [2 0 0 0 0 0 0 0 0] [2 1 0.09844858199357986 0.0 0.0 0.0 0.0 0.0 1.0] [2 1 inf inf inf inf inf inf inf]]
19,"[2, [8, 2, 229], {46: 6}, [1, [0], [0.09845354408025742, 0.0, 0.0, 0.0, 0.0, 0.0]]]","[(0, 1, 2, 0, 0, 0, 0, 0, 0), (0, 0, 8, 2, 0, 0, 0, 0, 0), (0, 2, 229, 3, 0, 0, 0, 0, 0), (0, -1, -1, -1, 0, 0, 0, 0, 0), (1, 46, 6, 0, 0, 0, 0, 0, 0), (1, -1, -1, 0, 0, 0, 0, 0, 0), (2, 0, 0, 0, 0, 0, 0, 0, 0), (2, 1, 0.09845354408025742, 0.0, 0.0, 0.0, 0.0, 0.0, 1.0), (2, 1, inf, inf, inf, inf, inf, inf, inf)]",1.0,10071,"Stage 2; 229 | Im-3m | cubic (8) | centrosymmetric (2) | hexoctahedral | m-3m; Pd6; Stage 1; cubic; (2.196907088160515, 2.196907088160515, 2.196907088160515), (90.0, 90.0, 90.0)",[[0 1 2 0 0 0 0 0 0] [0 0 8 2 0 0 0 0 0] [0 2 229 3 0 0 0 0 0] [0 -1 -1 -1 0 0 0 0 0] [1 46 6 0 0 0 0 0 0] [1 -1 -1 0 0 0 0 0 0] [2 0 0 0 0 0 0 0 0] [2 1 0.09845354408025742 0.0 0.0 0.0 0.0 0.0 1.0] [2 1 inf inf inf inf inf inf inf]]
20,"[2, [8, 2, 229], {78: 6}, [1, [0], [0.3443525433540344, 0.0, 0.0, 0.0, 0.0, 0.0]]]","[(0, 2, 229, 0, 0, 0, 0, 0, 0), (0, -1, -1, -1, 0, 0, 0, 0, 0), (1, 78, 6, 0, 0, 0, 0, 0, 0), (1, -1, -1, 0, 0, 0, 0, 0, 0), (2, 0, 0, 0, 0, 0, 0, 0, 0), (2, 1, 0.3443525433540344, 0.0, 0.0, 0.0, 0.0, 0.0, 1.0), (2, 1, inf, inf, inf, inf, inf, inf, inf)]",1.0,10117,"Stage 2; 229 | Im-3m | cubic (8) | centrosymmetric (2) | hexoctahedral | m-3m; Pt6; Stage 1; cubic; (2.688705086708069, 2.688705086708069, 2.688705086708069), (90.0, 90.0, 90.0)",[[0 2 229 0 0 0 0 0 0] [0 -1 -1 -1 0 0 0 0 0] [1 78 6 0 0 0 0 0 0] [1 -1 -1 0 0 0 0 0 0] [2 0 0 0 0 0 0 0 0] [2 1 0.3443525433540344 0.0 0.0 0.0 0.0 0.0 1.0] [2 1 inf inf inf inf inf inf inf]]
21,"[2, [8, 2, 225], {78: 4}, [1, [0], [0.17440809309482574, 0.0, 0.0, 0.0, 0.0, 0.0]]]","[(0, 2, 225, 0, 0, 0, 0, 0, 0), (0, -1, -1, -1, 0, 0, 0, 0, 0), (1, 78, 4, 0, 0, 0, 0, 0, 0), (1, -1, -1, 0, 0, 0, 0, 0, 0), (2, 0, 0, 0, 0, 0, 0, 0, 0), (2, 1, 0.17440809309482574, 0.0, 0.0, 0.0, 0.0, 0.0, 1.0), (2, 1, inf, inf, inf, inf, inf, inf, inf)]",1.0,10849,"Stage 2; 225 | Fm-3m | cubic (8) | centrosymmetric (2) | hexoctahedral | m-3m; Pt4; Stage 1; cubic; (2.3488161861896515, 2.3488161861896515, 2.3488161861896515), (90.0, 90.0, 90.0)",[[0 2 225 0 0 0 0 0 0] [0 -1 -1 -1 0 0 0 0 0] [1 78 4 0 0 0 0 0 0] [1 -1 -1 0 0 0 0 0 0] [2 0 0 0 0 0 0 0 0] [2 1 0.17440809309482574 0.0 0.0 0.0 0.0 0.0 1.0] [2 1 inf inf inf inf inf inf inf]]
22,"[2, [4, 2, 139], {78: 6}, [1, [5], [0.3322722911834717, 0.0, 0.36884480714797974, 0.0, 0.0, 0.0]]]","[(0, 0, 4, 0, 0, 0, 0, 0, 0), (0, 1, 2, 1, 0, 0, 0, 0, 0), (0, 2, 139, 3, 0, 0, 0, 0, 0), (0, -1, -1, -1, 0, 0, 0, 0, 0), (1, 78, 6, 0, 0, 0, 0, 0, 0), (1, -1, -1, 0, 0, 0, 0, 0, 0), (2, 0, 0, 0, 0, 0, 0, 0, 0), (2, 1, 0.3322722911834717, 0.0, 0.36884480714797974, 0.0, 0.0, 0.0, 1.0), (2, 1, inf, inf, inf, inf, inf, inf, inf)]",1.0,11006,"Stage 2; 139 | I4/mmm | tetragonal (4) | centrosymmetric (2) | ditetragonal-dipyramidal | 4/mmm; Pt6; Stage 1; tetragonal; (2.6645445823669434, 2.6645445823669434, 2.7376896142959595), (90.0, 90.0, 90.0)",[[0 0 4 0 0 0 0 0 0] [0 1 2 1 0 0 0 0 0] [0 2 139 3 0 0 0 0 0] [0 -1 -1 -1 0 0 0 0 0] [1 78 6 0 0 0 0 0 0] [1 -1 -1 0 0 0 0 0 0] [2 0 0 0 0 0 0 0 0] [2 1 0.3322722911834717 0.0 0.36884480714797974 0.0 0.0 0.0 1.0] [2 1 inf inf inf inf inf inf inf]]
23,"[2, [4, 2, 139], {78: 4, 46: 2}, [1, [5], [0.22709378600120544, 0.0, 0.36912107467651367, 0.0, 0.0, 0.0]]]","[(0, 0, 4, 0, 0, 0, 0, 0, 0), (0, 1, 2, 1, 0, 0, 0, 0, 0), (0, 2, 139, 3, 0, 0, 0, 0, 0), (0, -1, -1, -1, 0, 0, 0, 0, 0), (1, 78, 4, 0, 0, 0, 0, 0, 0), (1, 46, 2, 0, 0, 0, 0, 0, 0), (1, -1, -1, 0, 0, 0, 0, 0, 0), (2, 0, 0, 0, 0, 0, 0, 0, 0), (2, 1, 0.22709378600120544, 0.0, 0.36912107467651367, 0.0, 0.0, 0.0, 1.0), (2, 1, inf, inf, inf, inf, inf, inf, inf)]",1.0,11077,"Stage 2; 139 | I4/mmm | tetragonal (4) | centrosymmetric (2) | ditetragonal-dipyramidal | 4/mmm; Pd2Pt4; Stage 1; tetragonal; (2.454187572002411, 2.454187572002411, 2.7382421493530273), (90.0, 90.0, 90.0)",[[0 0 4 0 0 0 0 0 0] [0 1 2 1 0 0 0 0 0] [0 2 139 3 0 0 0 0 0] [0 -1 -1 -1 0 0 0 0 0] [1 78 4 0 0 0 0 0 0] [1 46 2 0 0 0 0 0 0] [1 -1 -1 0 0 0 0 0 0] [2 0 0 0 0 0 0 0 0] [2 1 0.22709378600120544 0.0 0.36912107467651367 0.0 0.0 0.0 1.0] [2 1 inf inf inf inf inf inf inf]]
24,"[2, [8, 2, 225], {78: 4}, [1, [0], [0.1744033545255661, 0.0, 0.0, 0.0, 0.0, 0.0]]]","[(0, 2, 225, 0, 0, 0, 0, 0, 0), (0, -1, -1, -1, 0, 0, 0, 0, 0), (1, 78, 4, 0, 0, 0, 0, 0, 0), (1, -1, -1, 0, 0, 0, 0, 0, 0), (2, 0, 0, 0, 0, 0, 0, 0, 0), (2, 1, 0.1744033545255661, 0.0, 0.0, 0.0, 0.0, 0.0, 1.0), (2, 1, inf, inf, inf, inf, inf, inf, inf)]",1.0,11169,"Stage 2; 225 | Fm-3m | cubic (8) | centrosymmetric (2) | hexoctahedral | m-3m; Pt4; Stage 1; cubic; (2.348806709051132, 2.348806709051132, 2.348806709051132), (90.0, 90.0, 90.0)",[[0 2 225 0 0 0 0 0 0] [0 -1 -1 -1 0 0 0 0 0] [1 78 4 0 0 0 0 0 0] [1 -1 -1 0 0 0 0 0 0] [2 0 0 0 0 0 0 0 0] [2 1 0.1744033545255661 0.0 0.0 0.0 0.0 0.0 1.0] [2 1 inf inf inf inf inf inf inf]]
25,"[2, [8, 2, 225], {78: 4}, [1, [0], [0.1743999868631363, 0.0, 0.0, 0.0, 0.0, 0.0]]]","[(0, 0, 8, 0, 0, 0, 0, 0, 0), (0, 1, 2, 1, 0, 0, 0, 0, 0), (0, 2, 225, 3, 0, 0, 0, 0, 0), (0, -1, -1, -1, 0, 0, 0, 0, 0), (1, 78, 4, 0, 0, 0, 0, 0, 0), (1, -1, -1, 0, 0, 0, 0, 0, 0), (2, 0, 0, 0, 0, 0, 0, 0, 0), (2, 1, 0.1743999868631363, 0.0, 0.0, 0.0, 0.0, 0.0, 1.0), (2, 1, inf, inf, inf, inf, inf, inf, inf)]",1.0,11446,"Stage 2; 225 | Fm-3m | cubic (8) | centrosymmetric (2) | hexoctahedral | m-3m; Pt4; Stage 1; cubic; (2.3487999737262726, 2.3487999737262726, 2.3487999737262726), (90.0, 90.0, 90.0)",[[0 0 8 0 0 0 0 0 0] [0 1 2 1 0 0 0 0 0] [0 2 225 3 0 0 0 0 0] [0 -1 -1 -1 0 0 0 0 0] [1 78 4 0 0 0 0 0 0] [1 -1 -1 0 0 0 0 0 0] [2 0 0 0 0 0 0 0 0] [2 1 0.1743999868631363 0.0 0.0 0.0 0.0 0.0 1.0] [2 1 inf inf inf inf inf inf inf]]
26,"[2, [4, 2, 139], {46: 6}, [1, [5], [0.10514481365680695, 0.0, 0.08517973124980927, 0.0, 0.0, 0.0]]]","[(0, 2, 139, 0, 0, 0, 0, 0, 0), (0, -1, -1, -1, 0, 0, 0, 0, 0), (1, 46, 6, 0, 0, 0, 0, 0, 0), (1, -1, -1, 0, 0, 0, 0, 0, 0), (2, 0, 0, 0, 0, 0, 0, 0, 0), (2, 1, 0.10514481365680695, 0.0, 0.08517973124980927, 0.0, 0.0, 0.0, 1.0), (2, 1, inf, inf, inf, inf, inf, inf, inf)]",1.0,11705,"Stage 2; 139 | I4/mmm | tetragonal (4) | centrosymmetric (2) | ditetragonal-dipyramidal | 4/mmm; Pd6; Stage 1; tetragonal; (2.210289627313614, 2.210289627313614, 2.1703594624996185), (90.0, 90.0, 90.0)",[[0 2 139 0 0 0 0 0 0] [0 -1 -1 -1 0 0 0 0 0] [1 46 6 0 0 0 0 0 0] [1 -1 -1 0 0 0 0 0 0] [2 0 0 0 0 0 0 0 0] [2 1 0.10514481365680695 0.0 0.08517973124980927 0.0 0.0 0.0 1.0] [2 1 inf inf inf inf inf inf inf]]
27,"[2, [8, 2, 229], {46: 6}, [1, [0], [0.09845096617937088, 0.0, 0.0, 0.0, 0.0, 0.0]]]","[(0, 0, 8, 0, 0, 0, 0, 0, 0), (0, 2, 229, 1, 0, 0, 0, 0, 0), (0, -1, -1, -1, 0, 0, 0, 0, 0), (1, 46, 6, 0, 0, 0, 0, 0, 0), (1, -1, -1, 0, 0, 0, 0, 0, 0), (2, 0, 0, 0, 0, 0, 0, 0, 0), (2, 1, 0.09845096617937088, 0.0, 0.0, 0.0, 0.0, 0.0, 1.0), (2, 1, inf, inf, inf, inf, inf, inf, inf)]",1.0,12037,"Stage 2; 229 | Im-3m | cubic (8) | centrosymmetric (2) | hexoctahedral | m-3m; Pd6; Stage 1; cubic; (2.1969019323587418, 2.1969019323587418, 2.1969019323587418), (90.0, 90.0, 90.0)",[[0 0 8 0 0 0 0 0 0] [0 2 229 1 0 0 0 0 0] [0 -1 -1 -1 0 0 0 0 0] [1 46 6 0 0 0 0 0 0] [1 -1 -1 0 0 0 0 0 0] [2 0 0 0 0 0 0 0 0] [2 1 0.09845096617937088 0.0 0.0 0.0 0.0 0.0 1.0] [2 1 inf inf inf inf inf inf inf]]
28,"[2, [4, 2, 139], {78: 4, 12: 2}, [1, [5], [0.13264231383800507, 0.0, 0.3412463963031769, 0.0, 0.0, 0.0]]]","[(0, 2, 139, 0, 0, 0, 0, 0, 0), (0, -1, -1, -1, 0, 0, 0, 0, 0), (1, 78, 4, 0, 0, 0, 0, 0, 0), (1, 12, 2, 0, 0, 0, 0, 0, 0), (1, -1, -1, 0, 0, 0, 0, 0, 0), (2, 0, 0, 0, 0, 0, 0, 0, 0), (2, 1, 0.13264231383800507, 0.0, 0.3412463963031769, 0.0, 0.0, 0.0, 1.0), (2, 1, inf, inf, inf, inf, inf, inf, inf)]",1.0,12154,"Stage 2; 139 | I4/mmm | tetragonal (4) | centrosymmetric (2) | ditetragonal-dipyramidal | 4/mmm; Mg2Pt4; Stage 1; tetragonal; (2.26528462767601, 2.26528462767601, 2.6824927926063538), (90.0, 90.0, 90.0)",[[0 2 139 0 0 0 0 0 0] [0 -1 -1 -1 0 0 0 0 0] [1 78 4 0 0 0 0 0 0] [1 12 2 0 0 0 0 0 0] [1 -1 -1 0 0 0 0 0 0] [2 0 0 0 0 0 0 0 0] [2 1 0.13264231383800507 0.0 0.3412463963031769 0.0 0.0 0.0 1.0] [2 1 inf inf inf inf inf inf inf]]
29,"[2, [8, 2, 229], {46: 6}, [1, [0], [0.09844975918531418, 0.0, 0.0, 0.0, 0.0, 0.0]]]","[(0, 2, 229, 0, 0, 0, 0, 0, 0), (0, -1, -1, -1, 0, 0, 0, 0, 0), (1, 46, 6, 0, 0, 0, 0, 0, 0), (1, -1, -1, 0, 0, 0, 0, 0, 0), (2, 0, 0, 0, 0, 0, 0, 0, 0), (2, 1, 0.09844975918531418, 0.0, 0.0, 0.0, 0.0, 0.0, 1.0), (2, 1, inf, inf, inf, inf, inf, inf, inf)]",1.0,12411,"Stage 2; 229 | Im-3m | cubic (8) | centrosymmetric (2) | hexoctahedral | m-3m; Pd6; Stage 1; cubic; (2.1968995183706284, 2.1968995183706284, 2.1968995183706284), (90.0, 90.0, 90.0)",[[0 2 229 0 0 0 0 0 0] [0 -1 -1 -1 0 0 0 0 0] [1 46 6 0 0 0 0 0 0] [1 -1 -1 0 0 0 0 0 0] [2 0 0 0 0 0 0 0 0] [2 1 0.09844975918531418 0.0 0.0 0.0 0.0 0.0 1.0] [2 1 inf inf inf inf inf inf inf]]
30,"[2, [4, 2, 139], {78: 4, 3: 2}, [1, [5], [0.0934305265545845, 0.0, 0.378896027803421, 0.0, 0.0, 0.0]]]","[(0, 0, 4, 0, 0, 0, 0, 0, 0), (0, 1, 2, 1, 0, 0, 0, 0, 0), (0, 2, 139, 3, 0, 0, 0, 0, 0), (0, -1, -1, -1, 0, 0, 0, 0, 0), (1, 78, 4, 0, 0, 0, 0, 0, 0), (1, 3, 2, 0, 0, 0, 0, 0, 0), (1, -1, -1, 0, 0, 0, 0, 0, 0), (2, 0, 0, 0, 0, 0, 0, 0, 0), (2, 1, 0.0934305265545845, 0.0, 0.378896027803421, 0.0, 0.0, 0.0, 1.0), (2, 1, inf, inf, inf, inf, inf, inf, inf)]",1.0,13675,"Stage 2; 139 | I4/mmm | tetragonal (4) | centrosymmetric (2) | ditetragonal-dipyramidal | 4/mmm; Li2Pt4; Stage 1; tetragonal; (2.186861053109169, 2.186861053109169, 2.757792055606842), (90.0, 90.0, 90.0)",[[0 0 4 0 0 0 0 0 0] [0 1 2 1 0 0 0 0 0] [0 2 139 3 0 0 0 0 0] [0 -1 -1 -1 0 0 0 0 0] [1 78 4 0 0 0 0 0 0] [1 3 2 0 0 0 0 0 0] [1 -1 -1 0 0 0 0 0 0] [2 0 0 0 0 0 0 0 0] [2 1 0.0934305265545845 0.0 0.378896027803421 0.0 0.0 0.0 1.0] [2 1 inf inf inf inf inf inf inf]]
31,"[2, [8, 2, 229], {78: 6}, [1, [0], [0.34435731172561646, 0.0, 0.0, 0.0, 0.0, 0.0]]]","[(0, 1, 2, 0, 0, 0, 0, 0, 0), (0, 2, 229, 2, 0, 0, 0, 0, 0), (0, -1, -1, -1, 0, 0, 0, 0, 0), (1, 78, 6, 0, 0, 0, 0, 0, 0), (1, -1, -1, 0, 0, 0, 0, 0, 0), (2, 0, 0, 0, 0, 0, 0, 0, 0), (2, 1, 0.34435731172561646, 0.0, 0.0, 0.0, 0.0, 0.0, 1.0), (2, 1, inf, inf, inf, inf, inf, inf, inf)]",1.0,13953,"Stage 2; 229 | Im-3m | cubic (8) | centrosymmetric (2) | hexoctahedral | m-3m; Pt6; Stage 1; cubic; (2.688714623451233, 2.688714623451233, 2.688714623451233), (90.0, 90.0, 90.0)",[[0 1 2 0 0 0 0 0 0] [0 2 229 2 0 0 0 0 0] [0 -1 -1 -1 0 0 0 0 0] [1 78 6 0 0 0 0 0 0] [1 -1 -1 0 0 0 0 0 0] [2 0 0 0 0 0 0 0 0] [2 1 0.34435731172561646 0.0 0.0 0.0 0.0 0.0 1.0] [2 1 inf inf inf inf inf inf inf]]
32,"[2, [8, 2, 229], {46: 6}, [1, [0], [0.0984475314617157, 0.0, 0.0, 0.0, 0.0, 0.0]]]","[(0, 0, 8, 0, 0, 0, 0, 0, 0), (0, 2, 229, 1, 0, 0, 0, 0, 0), (0, -1, -1, -1, 0, 0, 0, 0, 0), (1, 46, 6, 0, 0, 0, 0, 0, 0), (1, -1, -1, 0, 0, 0, 0, 0, 0), (2, 0, 0, 0, 0, 0, 0, 0, 0), (2, 1, 0.0984475314617157, 0.0, 0.0, 0.0, 0.0, 0.0, 1.0), (2, 1, inf, inf, inf, inf, inf, inf, inf)]",1.0,14604,"Stage 2; 229 | Im-3m | cubic (8) | centrosymmetric (2) | hexoctahedral | m-3m; Pd6; Stage 1; cubic; (2.1968950629234314, 2.1968950629234314, 2.1968950629234314), (90.0, 90.0, 90.0)",[[0 0 8 0 0 0 0 0 0] [0 2 229 1 0 0 0 0 0] [0 -1 -1 -1 0 0 0 0 0] [1 46 6 0 0 0 0 0 0] [1 -1 -1 0 0 0 0 0 0] [2 0 0 0 0 0 0 0 0] [2 1 0.0984475314617157 0.0 0.0 0.0 0.0 0.0 1.0] [2 1 inf inf inf inf inf inf inf]]
33,"[2, [4, 2, 139], {78: 6}, [1, [5], [0.29301947355270386, 0.0, 0.4532284140586853, 0.0, 0.0, 0.0]]]","[(0, 2, 139, 0, 0, 0, 0, 0, 0), (0, -1, -1, -1, 0, 0, 0, 0, 0), (1, 78, 6, 0, 0, 0, 0, 0, 0), (1, -1, -1, 0, 0, 0, 0, 0, 0), (2, 0, 0, 0, 0, 0, 0, 0, 0), (2, 1, 0.29301947355270386, 0.0, 0.4532284140586853, 0.0, 0.0, 0.0, 1.0), (2, 1, inf, inf, inf, inf, inf, inf, inf)]",1.0,14609,"Stage 2; 139 | I4/mmm | tetragonal (4) | centrosymmetric (2) | ditetragonal-dipyramidal | 4/mmm; Pt6; Stage 1; tetragonal; (2.5860389471054077, 2.5860389471054077, 2.9064568281173706), (90.0, 90.0, 90.0)",[[0 2 139 0 0 0 0 0 0] [0 -1 -1 -1 0 0 0 0 0] [1 78 6 0 0 0 0 0 0] [1 -1 -1 0 0 0 0 0 0] [2 0 0 0 0 0 0 0 0] [2 1 0.29301947355270386 0.0 0.4532284140586853 0.0 0.0 0.0 1.0] [2 1 inf inf inf inf inf inf inf]]
34,"[2, [8, 2, 229], {78: 6}, [1, [0], [0.34435272216796875, 0.0, 0.0, 0.0, 0.0, 0.0]]]","[(0, 2, 229, 0, 0, 0, 0, 0, 0), (0, -1, -1, -1, 0, 0, 0, 0, 0), (1, 78, 6, 0, 0, 0, 0, 0, 0), (1, -1, -1, 0, 0, 0, 0, 0, 0), (2, 0, 0, 0, 0, 0, 0, 0, 0), (2, 1, 0.34435272216796875, 0.0, 0.0, 0.0, 0.0, 0.0, 1.0), (2, 1, inf, inf, inf, inf, inf, inf, inf)]",1.0,14737,"Stage 2; 229 | Im-3m | cubic (8) | centrosymmetric (2) | hexoctahedral | m-3m; Pt6; Stage 1; cubic; (2.6887054443359375, 2.6887054443359375, 2.6887054443359375), (90.0, 90.0, 90.0)",[[0 2 229 0 0 0 0 0 0] [0 -1 -1 -1 0 0 0 0 0] [1 78 6 0 0 0 0 0 0] [1 -1 -1 0 0 0 0 0 0] [2 0 0 0 0 0 0 0 0] [2 1 0.34435272216796875 0.0 0.0 0.0 0.0 0.0 1.0] [2 1 inf inf inf inf inf inf inf]]
35,"[2, [8, 2, 229], {78: 6}, [1, [0], [0.34435006976127625, 0.0, 0.0, 0.0, 0.0, 0.0]]]","[(0, 0, 8, 0, 0, 0, 0, 0, 0), (0, 2, 229, 1, 0, 0, 0, 0, 0), (0, -1, -1, -1, 0, 0, 0, 0, 0), (1, 78, 6, 0, 0, 0, 0, 0, 0), (1, -1, -1, 0, 0, 0, 0, 0, 0), (2, 0, 0, 0, 0, 0, 0, 0, 0), (2, 1, 0.34435006976127625, 0.0, 0.0, 0.0, 0.0, 0.0, 1.0), (2, 1, inf, inf, inf, inf, inf, inf, inf)]",1.0,15120,"Stage 2; 229 | Im-3m | cubic (8) | centrosymmetric (2) | hexoctahedral | m-3m; Pt6; Stage 1; cubic; (2.6887001395225525, 2.6887001395225525, 2.6887001395225525), (90.0, 90.0, 90.0)",[[0 0 8 0 0 0 0 0 0] [0 2 229 1 0 0 0 0 0] [0 -1 -1 -1 0 0 0 0 0] [1 78 6 0 0 0 0 0 0] [1 -1 -1 0 0 0 0 0 0] [2 0 0 0 0 0 0 0 0] [2 1 0.34435006976127625 0.0 0.0 0.0 0.0 0.0 1.0] [2 1 inf inf inf inf inf inf inf]]
36,"[2, [4, 2, 139], {78: 4, 13: 2}, [1, [5], [0.11856290698051453, 0.0, 0.3841152787208557, 0.0, 0.0, 0.0]]]","[(0, 2, 139, 0, 0, 0, 0, 0, 0), (0, -1, -1, -1, 0, 0, 0, 0, 0), (1, 78, 4, 0, 0, 0, 0, 0, 0), (1, 13, 2, 0, 0, 0, 0, 0, 0), (1, -1, -1, 0, 0, 0, 0, 0, 0), (2, 0, 0, 0, 0, 0, 0, 0, 0), (2, 1, 0.11856290698051453, 0.0, 0.3841152787208557, 0.0, 0.0, 0.0, 1.0), (2, 1, inf, inf, inf, inf, inf, inf, inf)]",1.0,15957,"Stage 2; 139 | I4/mmm | tetragonal (4) | centrosymmetric (2) | ditetragonal-dipyramidal | 4/mmm; Al2Pt4; Stage 1; tetragonal; (2.237125813961029, 2.237125813961029, 2.7682305574417114), (90.0, 90.0, 90.0)",[[0 2 139 0 0 0 0 0 0] [0 -1 -1 -1 0 0 0 0 0] [1 78 4 0 0 0 0 0 0] [1 13 2 0 0 0 0 0 0] [1 -1 -1 0 0 0 0 0 0] [2 0 0 0 0 0 0 0 0] [2 1 0.11856290698051453 0.0 0.3841152787208557 0.0 0.0 0.0 1.0] [2 1 inf inf inf inf inf inf inf]]
37,"[2, [4, 2, 139], {78: 4, 12: 2}, [1, [5], [0.18252062797546387, 0.0, 0.23047830164432526, 0.0, 0.0, 0.0]]]","[(0, 0, 4, 0, 0, 0, 0, 0, 0), (0, 1, 2, 1, 0, 0, 0, 0, 0), (0, 2, 139, 3, 0, 0, 0, 0, 0), (0, -1, -1, -1, 0, 0, 0, 0, 0), (1, 78, 4, 0, 0, 0, 0, 0, 0), (1, 12, 2, 0, 0, 0, 0, 0, 0), (1, -1, -1, 0, 0, 0, 0, 0, 0), (2, 0, 0, 0, 0, 0, 0, 0, 0), (2, 1, 0.18252062797546387, 0.0, 0.23047830164432526, 0.0, 0.0, 0.0, 1.0), (2, 1, inf, inf, inf, inf, inf, inf, inf)]",1.0,17259,"Stage 2; 139 | I4/mmm | tetragonal (4) | centrosymmetric (2) | ditetragonal-dipyramidal | 4/mmm; Mg2Pt4; Stage 1; tetragonal; (2.3650412559509277, 2.3650412559509277, 2.4609566032886505), (90.0, 90.0, 90.0)",[[0 0 4 0 0 0 0 0 0] [0 1 2 1 0 0 0 0 0] [0 2 139 3 0 0 0 0 0] [0 -1 -1 -1 0 0 0 0 0] [1 78 4 0 0 0 0 0 0] [1 12 2 0 0 0 0 0 0] [1 -1 -1 0 0 0 0 0 0] [2 0 0 0 0 0 0 0 0] [2 1 0.18252062797546387 0.0 0.23047830164432526 0.0 0.0 0.0 1.0] [2 1 inf inf inf inf inf inf inf]]
38,"[2, [8, 2, 229], {46: 6}, [1, [0], [0.0984480232000351, 0.0, 0.0, 0.0, 0.0, 0.0]]]","[(0, 1, 2, 0, 0, 0, 0, 0, 0), (0, 0, 8, 2, 0, 0, 0, 0, 0), (0, 2, 229, 3, 0, 0, 0, 0, 0), (0, -1, -1, -1, 0, 0, 0, 0, 0), (1, 46, 6, 0, 0, 0, 0, 0, 0), (1, -1, -1, 0, 0, 0, 0, 0, 0), (2, 0, 0, 0, 0, 0, 0, 0, 0), (2, 1, 0.0984480232000351, 0.0, 0.0, 0.0, 0.0, 0.0, 1.0), (2, 1, inf, inf, inf, inf, inf, inf, inf)]",1.0,17632,"Stage 2; 229 | Im-3m | cubic (8) | centrosymmetric (2) | hexoctahedral | m-3m; Pd6; Stage 1; cubic; (2.19689604640007, 2.19689604640007, 2.19689604640007), (90.0, 90.0, 90.0)",[[0 1 2 0 0 0 0 0 0] [0 0 8 2 0 0 0 0 0] [0 2 229 3 0 0 0 0 0] [0 -1 -1 -1 0 0 0 0 0] [1 46 6 0 0 0 0 0 0] [1 -1 -1 0 0 0 0 0 0] [2 0 0 0 0 0 0 0 0] [2 1 0.0984480232000351 0.0 0.0 0.0 0.0 0.0 1.0] [2 1 inf inf inf inf inf inf inf]]
39,"[2, [4, 2, 139], {46: 4, 78: 2}, [1, [5], [0.1849631816148758, 0.0, 0.20605610311031342, 0.0, 0.0, 0.0]]]","[(0, 2, 139, 0, 0, 0, 0, 0, 0), (0, -1, -1, -1, 0, 0, 0, 0, 0), (1, 46, 4, 0, 0, 0, 0, 0, 0), (1, 78, 2, 0, 0, 0, 0, 0, 0), (1, -1, -1, 0, 0, 0, 0, 0, 0), (2, 0, 0, 0, 0, 0, 0, 0, 0), (2, 1, 0.1849631816148758, 0.0, 0.20605610311031342, 0.0, 0.0, 0.0, 1.0), (2, 1, inf, inf, inf, inf, inf, inf, inf)]",1.0,18052,"Stage 2; 139 | I4/mmm | tetragonal (4) | centrosymmetric (2) | ditetragonal-dipyramidal | 4/mmm; Pd4Pt2; Stage 1; tetragonal; (2.3699263632297516, 2.3699263632297516, 2.412112206220627), (90.0, 90.0, 90.0)",[[0 2 139 0 0 0 0 0 0] [0 -1 -1 -1 0 0 0 0 0] [1 46 4 0 0 0 0 0 0] [1 78 2 0 0 0 0 0 0] [1 -1 -1 0 0 0 0 0 0] [2 0 0 0 0 0 0 0 0] [2 1 0.1849631816148758 0.0 0.20605610311031342 0.0 0.0 0.0 1.0] [2 1 inf inf inf inf inf inf inf]]
40,"[2, [4, 2, 139], {78: 4, 12: 2}, [1, [5], [0.13813696801662445, 0.0, 0.3283134996891022, 0.0, 0.0, 0.0]]]","[(0, 2, 139, 0, 0, 0, 0, 0, 0), (0, -1, -1, -1, 0, 0, 0, 0, 0), (1, 78, 4, 0, 0, 0, 0, 0, 0), (1, 12, 2, 0, 0, 0, 0, 0, 0), (1, -1, -1, 0, 0, 0, 0, 0, 0), (2, 0, 0, 0, 0, 0, 0, 0, 0), (2, 1, 0.13813696801662445, 0.0, 0.3283134996891022, 0.0, 0.0, 0.0, 1.0), (2, 1, inf, inf, inf, inf, inf, inf, inf)]",1.0,18166,"Stage 2; 139 | I4/mmm | tetragonal (4) | centrosymmetric (2) | ditetragonal-dipyramidal | 4/mmm; Mg2Pt4; Stage 1; tetragonal; (2.276273936033249, 2.276273936033249, 2.6566269993782043), (90.0, 90.0, 90.0)",[[0 2 139 0 0 0 0 0 0] [0 -1 -1 -1 0 0 0 0 0] [1 78 4 0 0 0 0 0 0] [1 12 2 0 0 0 0 0 0] [1 -1 -1 0 0 0 0 0 0] [2 0 0 0 0 0 0 0 0] [2 1 0.13813696801662445 0.0 0.3283134996891022 0.0 0.0 0.0 1.0] [2 1 inf inf inf inf inf inf inf]]
41,"[2, [8, 2, 229], {46: 6}, [1, [0], [0.09845192730426788, 0.0, 0.0, 0.0, 0.0, 0.0]]]","[(0, 2, 229, 0, 0, 0, 0, 0, 0), (0, -1, -1, -1, 0, 0, 0, 0, 0), (1, 46, 6, 0, 0, 0, 0, 0, 0), (1, -1, -1, 0, 0, 0, 0, 0, 0), (2, 0, 0, 0, 0, 0, 0, 0, 0), (2, 1, 0.09845192730426788, 0.0, 0.0, 0.0, 0.0, 0.0, 1.0), (2, 1, inf, inf, inf, inf, inf, inf, inf)]",1.0,18655,"Stage 2; 229 | Im-3m | cubic (8) | centrosymmetric (2) | hexoctahedral | m-3m; Pd6; Stage 1; cubic; (2.1969038546085358, 2.1969038546085358, 2.1969038546085358), (90.0, 90.0, 90.0)",[[0 2 229 0 0 0 0 0 0] [0 -1 -1 -1 0 0 0 0 0] [1 46 6 0 0 0 0 0 0] [1 -1 -1 0 0 0 0 0 0] [2 0 0 0 0 0 0 0 0] [2 1 0.09845192730426788 0.0 0.0 0.0 0.0 0.0 1.0] [2 1 inf inf inf inf inf inf inf]]
42,"[2, [8, 2, 229], {46: 6}, [1, [0], [0.0984550341963768, 0.0, 0.0, 0.0, 0.0, 0.0]]]","[(0, 2, 229, 0, 0, 0, 0, 0, 0), (0, -1, -1, -1, 0, 0, 0, 0, 0), (1, 46, 6, 0, 0, 0, 0, 0, 0), (1, -1, -1, 0, 0, 0, 0, 0, 0), (2, 0, 0, 0, 0, 0, 0, 0, 0), (2, 1, 0.0984550341963768, 0.0, 0.0, 0.0, 0.0, 0.0, 1.0), (2, 1, inf, inf, inf, inf, inf, inf, inf)]",1.0,18979,"Stage 2; 229 | Im-3m | cubic (8) | centrosymmetric (2) | hexoctahedral | m-3m; Pd6; Stage 1; cubic; (2.1969100683927536, 2.1969100683927536, 2.1969100683927536), (90.0, 90.0, 90.0)",[[0 2 229 0 0 0 0 0 0] [0 -1 -1 -1 0 0 0 0 0] [1 46 6 0 0 0 0 0 0] [1 -1 -1 0 0 0 0 0 0] [2 0 0 0 0 0 0 0 0] [2 1 0.0984550341963768 0.0 0.0 0.0 0.0 0.0 1.0] [2 1 inf inf inf inf inf inf inf]]
43,"[2, [8, 2, 229], {46: 6}, [1, [0], [0.09845128655433655, 0.0, 0.0, 0.0, 0.0, 0.0]]]","[(0, 2, 229, 0, 0, 0, 0, 0, 0), (0, -1, -1, -1, 0, 0, 0, 0, 0), (1, 46, 6, 0, 0, 0, 0, 0, 0), (1, -1, -1, 0, 0, 0, 0, 0, 0), (2, 0, 0, 0, 0, 0, 0, 0, 0), (2, 1, 0.09845128655433655, 0.0, 0.0, 0.0, 0.0, 0.0, 1.0), (2, 1, inf, inf, inf, inf, inf, inf, inf)]",1.0,19408,"Stage 2; 229 | Im-3m | cubic (8) | centrosymmetric (2) | hexoctahedral | m-3m; Pd6; Stage 1; cubic; (2.196902573108673, 2.196902573108673, 2.196902573108673), (90.0, 90.0, 90.0)",[[0 2 229 0 0 0 0 0 0] [0 -1 -1 -1 0 0 0 0 0] [1 46 6 0 0 0 0 0 0] [1 -1 -1 0 0 0 0 0 0] [2 0 0 0 0 0 0 0 0] [2 1 0.09845128655433655 0.0 0.0 0.0 0.0 0.0 1.0] [2 1 inf inf inf inf inf inf inf]]
44,"[2, [8, 2, 229], {78: 6}, [1, [0], [0.3443509638309479, 0.0, 0.0, 0.0, 0.0, 0.0]]]","[(0, 1, 2, 0, 0, 0, 0, 0, 0), (0, 0, 8, 2, 0, 0, 0, 0, 0), (0, 2, 229, 3, 0, 0, 0, 0, 0), (0, -1, -1, -1, 0, 0, 0, 0, 0), (1, 78, 6, 0, 0, 0, 0, 0, 0), (1, -1, -1, 0, 0, 0, 0, 0, 0), (2, 0, 0, 0, 0, 0, 0, 0, 0), (2, 1, 0.3443509638309479, 0.0, 0.0, 0.0, 0.0, 0.0, 1.0), (2, 1, inf, inf, inf, inf, inf, inf, inf)]",1.0,19592,"Stage 2; 229 | Im-3m | cubic (8) | centrosymmetric (2) | hexoctahedral | m-3m; Pt6; Stage 1; cubic; (2.6887019276618958, 2.6887019276618958, 2.6887019276618958), (90.0, 90.0, 90.0)",[[0 1 2 0 0 0 0 0 0] [0 0 8 2 0 0 0 0 0] [0 2 229 3 0 0 0 0 0] [0 -1 -1 -1 0 0 0 0 0] [1 78 6 0 0 0 0 0 0] [1 -1 -1 0 0 0 0 0 0] [2 0 0 0 0 0 0 0 0] [2 1 0.3443509638309479 0.0 0.0 0.0 0.0 0.0 1.0] [2 1 inf inf inf inf inf inf inf]]
45,"[2, [4, 2, 139], {78: 4, 4: 2}, [1, [5], [0.1084098219871521, 0.0, 0.3488655686378479, 0.0, 0.0, 0.0]]]","[(0, 1, 2, 0, 0, 0, 0, 0, 0), (0, 2, 139, 2, 0, 0, 0, 0, 0), (0, -1, -1, -1, 0, 0, 0, 0, 0), (1, 78, 4, 0, 0, 0, 0, 0, 0), (1, 4, 2, 0, 0, 0, 0, 0, 0), (1, -1, -1, 0, 0, 0, 0, 0, 0), (2, 0, 0, 0, 0, 0, 0, 0, 0), (2, 1, 0.1084098219871521, 0.0, 0.3488655686378479, 0.0, 0.0, 0.0, 1.0), (2, 1, inf, inf, inf, inf, inf, inf, inf)]",1.0,20175,"Stage 2; 139 | I4/mmm | tetragonal (4) | centrosymmetric (2) | ditetragonal-dipyramidal | 4/mmm; Be2Pt4; Stage 1; tetragonal; (2.216819643974304, 2.216819643974304, 2.697731137275696), (90.0, 90.0, 90.0)",[[0 1 2 0 0 0 0 0 0] [0 2 139 2 0 0 0 0 0] [0 -1 -1 -1 0 0 0 0 0] [1 78 4 0 0 0 0 0 0] [1 4 2 0 0 0 0 0 0] [1 -1 -1 0 0 0 0 0 0] [2 0 0 0 0 0 0 0 0] [2 1 0.1084098219871521 0.0 0.3488655686378479 0.0 0.0 0.0 1.0] [2 1 inf inf inf inf inf inf inf]]
46,"[2, [4, 2, 139], {78: 4, 3: 2}, [1, [5], [0.1337636411190033, 0.0, 0.2825210988521576, 0.0, 0.0, 0.0]]]","[(0, 2, 139, 0, 0, 0, 0, 0, 0), (0, -1, -1, -1, 0, 0, 0, 0, 0), (1, 78, 4, 0, 0, 0, 0, 0, 0), (1, 3, 2, 0, 0, 0, 0, 0, 0), (1, -1, -1, 0, 0, 0, 0, 0, 0), (2, 0, 0, 0, 0, 0, 0, 0, 0), (2, 1, 0.1337636411190033, 0.0, 0.2825210988521576, 0.0, 0.0, 0.0, 1.0), (2, 1, inf, inf, inf, inf, inf, inf, inf)]",1.0,20201,"Stage 2; 139 | I4/mmm | tetragonal (4) | centrosymmetric (2) | ditetragonal-dipyramidal | 4/mmm; Li2Pt4; Stage 1; tetragonal; (2.2675272822380066, 2.2675272822380066, 2.565042197704315), (90.0, 90.0, 90.0)",[[0 2 139 0 0 0 0 0 0] [0 -1 -1 -1 0 0 0 0 0] [1 78 4 0 0 0 0 0 0] [1 3 2 0 0 0 0 0 0] [1 -1 -1 0 0 0 0 0 0] [2 0 0 0 0 0 0 0 0] [2 1 0.1337636411190033 0.0 0.2825210988521576 0.0 0.0 0.0 1.0] [2 1 inf inf inf inf inf inf inf]]
47,"[2, [8, 2, 229], {46: 6}, [1, [0], [0.09845198690891266, 0.0, 0.0, 0.0, 0.0, 0.0]]]","[(0, 2, 229, 0, 0, 0, 0, 0, 0), (0, -1, -1, -1, 0, 0, 0, 0, 0), (1, 46, 6, 0, 0, 0, 0, 0, 0), (1, -1, -1, 0, 0, 0, 0, 0, 0), (2, 0, 0, 0, 0, 0, 0, 0, 0), (2, 1, 0.09845198690891266, 0.0, 0.0, 0.0, 0.0, 0.0, 1.0), (2, 1, inf, inf, inf, inf, inf, inf, inf)]",1.0,20254,"Stage 2; 229 | Im-3m | cubic (8) | centrosymmetric (2) | hexoctahedral | m-3m; Pd6; Stage 1; cubic; (2.1969039738178253, 2.1969039738178253, 2.1969039738178253), (90.0, 90.0, 90.0)",[[0 2 229 0 0 0 0 0 0] [0 -1 -1 -1 0 0 0 0 0] [1 46 6 0 0 0 0 0 0] [1 -1 -1 0 0 0 0 0 0] [2 0 0 0 0 0 0 0 0] [2 1 0.09845198690891266 0.0 0.0 0.0 0.0 0.0 1.0] [2 1 inf inf inf inf inf inf inf]]
48,"[2, [4, 2, 139], {78: 4, 13: 2}, [1, [5], [0.18043367564678192, 0.0, 0.24282309412956238, 0.0, 0.0, 0.0]]]","[(0, 2, 139, 0, 0, 0, 0, 0, 0), (0, -1, -1, -1, 0, 0, 0, 0, 0), (1, 78, 4, 0, 0, 0, 0, 0, 0), (1, 13, 2, 0, 0, 0, 0, 0, 0), (1, -1, -1, 0, 0, 0, 0, 0, 0), (2, 0, 0, 0, 0, 0, 0, 0, 0), (2, 1, 0.18043367564678192, 0.0, 0.24282309412956238, 0.0, 0.0, 0.0, 1.0), (2, 1, inf, inf, inf, inf, inf, inf, inf)]",1.0,21948,"Stage 2; 139 | I4/mmm | tetragonal (4) | centrosymmetric (2) | ditetragonal-dipyramidal | 4/mmm; Al2Pt4; Stage 1; tetragonal; (2.360867351293564, 2.360867351293564, 2.4856461882591248), (90.0, 90.0, 90.0)",[[0 2 139 0 0 0 0 0 0] [0 -1 -1 -1 0 0 0 0 0] [1 78 4 0 0 0 0 0 0] [1 13 2 0 0 0 0 0 0] [1 -1 -1 0 0 0 0 0 0] [2 0 0 0 0 0 0 0 0] [2 1 0.18043367564678192 0.0 0.24282309412956238 0.0 0.0 0.0 1.0] [2 1 inf inf inf inf inf inf inf]]
49,"[2, [2, 2, 11], {78: 6}, [1, [2], [0.25181636214256287, 0.507424533367157, 0.3392716348171234, 0.0, 0.5746924877166748, 0.0]]]","[(0, 2, 11, 0, 0, 0, 0, 0, 0), (0, -1, -1, -1, 0, 0, 0, 0, 0), (1, 78, 6, 0, 0, 0, 0, 0, 0), (1, -1, -1, 0, 0, 0, 0, 0, 0), (2, 0, 0, 0, 0, 0, 0, 0, 0), (2, 1, 0.25181636214256287, 0.507424533367157, 0.3392716348171234, 0.0, 0.5746924877166748, 0.0, 1.0), (2, 1, inf, inf, inf, inf, inf, inf, inf)]",1.0,23187,"Stage 2; 11 | P12_1/m1 | monoclinic (2) | centrosymmetric (2) | prismatic | 2/m; Pt6; Stage 1; monoclinic; (2.5036327242851257, 3.014849066734314, 2.678543269634247), (90.0, 105.97539901733398, 90.0)",[[0 2 11 0 0 0 0 0 0] [0 -1 -1 -1 0 0 0 0 0] [1 78 6 0 0 0 0 0 0] [1 -1 -1 0 0 0 0 0 0] [2 0 0 0 0 0 0 0 0] [2 1 0.25181636214256287 0.507424533367157 0.3392716348171234 0.0 0.5746924877166748 0.0 1.0] [2 1 inf inf inf inf inf inf inf]]
50,"[2, [4, 2, 139], {78: 6}, [1, [5], [0.350932240486145, 0.0, 0.3312791585922241, 0.0, 0.0, 0.0]]]","[(0, 0, 4, 0, 0, 0, 0, 0, 0), (0, 2, 139, 1, 0, 0, 0, 0, 0), (0, -1, -1, -1, 0, 0, 0, 0, 0), (1, 78, 6, 0, 0, 0, 0, 0, 0), (1, -1, -1, 0, 0, 0, 0, 0, 0), (2, 0, 0, 0, 0, 0, 0, 0, 0), (2, 1, 0.350932240486145, 0.0, 0.3312791585922241, 0.0, 0.0, 0.0, 1.0), (2, 1, inf, inf, inf, inf, inf, inf, inf)]",1.0,23907,"Stage 2; 139 | I4/mmm | tetragonal (4) | centrosymmetric (2) | ditetragonal-dipyramidal | 4/mmm; Pt6; Stage 1; tetragonal; (2.70186448097229, 2.70186448097229, 2.6625583171844482), (90.0, 90.0, 90.0)",[[0 0 4 0 0 0 0 0 0] [0 2 139 1 0 0 0 0 0] [0 -1 -1 -1 0 0 0 0 0] [1 78 6 0 0 0 0 0 0] [1 -1 -1 0 0 0 0 0 0] [2 0 0 0 0 0 0 0 0] [2 1 0.350932240486145 0.0 0.3312791585922241 0.0 0.0 0.0 1.0] [2 1 inf inf inf inf inf inf inf]]
51,"[2, [8, 2, 229], {78: 6}, [1, [0], [0.3443491458892822, 0.0, 0.0, 0.0, 0.0, 0.0]]]","[(0, 2, 229, 0, 0, 0, 0, 0, 0), (0, -1, -1, -1, 0, 0, 0, 0, 0), (1, 78, 6, 0, 0, 0, 0, 0, 0), (1, -1, -1, 0, 0, 0, 0, 0, 0), (2, 0, 0, 0, 0, 0, 0, 0, 0), (2, 1, 0.3443491458892822, 0.0, 0.0, 0.0, 0.0, 0.0, 1.0), (2, 1, inf, inf, inf, inf, inf, inf, inf)]",1.0,24134,"Stage 2; 229 | Im-3m | cubic (8) | centrosymmetric (2) | hexoctahedral | m-3m; Pt6; Stage 1; cubic; (2.6886982917785645, 2.6886982917785645, 2.6886982917785645), (90.0, 90.0, 90.0)",[[0 2 229 0 0 0 0 0 0] [0 -1 -1 -1 0 0 0 0 0] [1 78 6 0 0 0 0 0 0] [1 -1 -1 0 0 0 0 0 0] [2 0 0 0 0 0 0 0 0] [2 1 0.3443491458892822 0.0 0.0 0.0 0.0 0.0 1.0] [2 1 inf inf inf inf inf inf inf]]
52,"[2, [8, 2, 229], {46: 6}, [1, [0], [0.09845039993524551, 0.0, 0.0, 0.0, 0.0, 0.0]]]","[(0, 2, 229, 0, 0, 0, 0, 0, 0), (0, -1, -1, -1, 0, 0, 0, 0, 0), (1, 46, 6, 0, 0, 0, 0, 0, 0), (1, -1, -1, 0, 0, 0, 0, 0, 0), (2, 0, 0, 0, 0, 0, 0, 0, 0), (2, 1, 0.09845039993524551, 0.0, 0.0, 0.0, 0.0, 0.0, 1.0), (2, 1, inf, inf, inf, inf, inf, inf, inf)]",1.0,24266,"Stage 2; 229 | Im-3m | cubic (8) | centrosymmetric (2) | hexoctahedral | m-3m; Pd6; Stage 1; cubic; (2.196900799870491, 2.196900799870491, 2.196900799870491), (90.0, 90.0, 90.0)",[[0 2 229 0 0 0 0 0 0] [0 -1 -1 -1 0 0 0 0 0] [1 46 6 0 0 0 0 0 0] [1 -1 -1 0 0 0 0 0 0] [2 0 0 0 0 0 0 0 0] [2 1 0.09845039993524551 0.0 0.0 0.0 0.0 0.0 1.0] [2 1 inf inf inf inf inf inf inf]]
53,"[2, [8, 2, 229], {78: 6}, [1, [0], [0.34435588121414185, 0.0, 0.0, 0.0, 0.0, 0.0]]]","[(0, 2, 229, 0, 0, 0, 0, 0, 0), (0, -1, -1, -1, 0, 0, 0, 0, 0), (1, 78, 6, 0, 0, 0, 0, 0, 0), (1, -1, -1, 0, 0, 0, 0, 0, 0), (2, 0, 0, 0, 0, 0, 0, 0, 0), (2, 1, 0.34435588121414185, 0.0, 0.0, 0.0, 0.0, 0.0, 1.0), (2, 1, inf, inf, inf, inf, inf, inf, inf)]",1.0,25093,"Stage 2; 229 | Im-3m | cubic (8) | centrosymmetric (2) | hexoctahedral | m-3m; Pt6; Stage 1; cubic; (2.6887117624282837, 2.6887117624282837, 2.6887117624282837), (90.0, 90.0, 90.0)",[[0 2 229 0 0 0 0 0 0] [0 -1 -1 -1 0 0 0 0 0] [1 78 6 0 0 0 0 0 0] [1 -1 -1 0 0 0 0 0 0] [2 0 0 0 0 0 0 0 0] [2 1 0.34435588121414185 0.0 0.0 0.0 0.0 0.0 1.0] [2 1 inf inf inf inf inf inf inf]]
54,"[2, [4, 2, 139], {78: 4, 3: 2}, [1, [5], [0.14812850952148438, 0.0, 0.25061681866645813, 0.0, 0.0, 0.0]]]","[(0, 0, 4, 0, 0, 0, 0, 0, 0), (0, 2, 139, 1, 0, 0, 0, 0, 0), (0, -1, -1, -1, 0, 0, 0, 0, 0), (1, 78, 4, 0, 0, 0, 0, 0, 0), (1, 3, 2, 0, 0, 0, 0, 0, 0), (1, -1, -1, 0, 0, 0, 0, 0, 0), (2, 0, 0, 0, 0, 0, 0, 0, 0), (2, 1, 0.14812850952148438, 0.0, 0.25061681866645813, 0.0, 0.0, 0.0, 1.0), (2, 1, inf, inf, inf, inf, inf, inf, inf)]",1.0,25115,"Stage 2; 139 | I4/mmm | tetragonal (4) | centrosymmetric (2) | ditetragonal-dipyramidal | 4/mmm; Li2Pt4; Stage 1; tetragonal; (2.2962570190429688, 2.2962570190429688, 2.5012336373329163), (90.0, 90.0, 90.0)",[[0 0 4 0 0 0 0 0 0] [0 2 139 1 0 0 0 0 0] [0 -1 -1 -1 0 0 0 0 0] [1 78 4 0 0 0 0 0 0] [1 3 2 0 0 0 0 0 0] [1 -1 -1 0 0 0 0 0 0] [2 0 0 0 0 0 0 0 0] [2 1 0.14812850952148438 0.0 0.25061681866645813 0.0 0.0 0.0 1.0] [2 1 inf inf inf inf inf inf inf]]
55,"[2, [8, 2, 229], {78: 6}, [1, [0], [0.34435659646987915, 0.0, 0.0, 0.0, 0.0, 0.0]]]","[(0, 2, 229, 0, 0, 0, 0, 0, 0), (0, -1, -1, -1, 0, 0, 0, 0, 0), (1, 78, 6, 0, 0, 0, 0, 0, 0), (1, -1, -1, 0, 0, 0, 0, 0, 0), (2, 0, 0, 0, 0, 0, 0, 0, 0), (2, 1, 0.34435659646987915, 0.0, 0.0, 0.0, 0.0, 0.0, 1.0), (2, 1, inf, inf, inf, inf, inf, inf, inf)]",1.0,25537,"Stage 2; 229 | Im-3m | cubic (8) | centrosymmetric (2) | hexoctahedral | m-3m; Pt6; Stage 1; cubic; (2.6887131929397583, 2.6887131929397583, 2.6887131929397583), (90.0, 90.0, 90.0)",[[0 2 229 0 0 0 0 0 0] [0 -1 -1 -1 0 0 0 0 0] [1 78 6 0 0 0 0 0 0] [1 -1 -1 0 0 0 0 0 0] [2 0 0 0 0 0 0 0 0] [2 1 0.34435659646987915 0.0 0.0 0.0 0.0 0.0 1.0] [2 1 inf inf inf inf inf inf inf]]
56,"[2, [4, 2, 139], {78: 4, 3: 2}, [1, [5], [0.11830758303403854, 0.0, 0.31822633743286133, 0.0, 0.0, 0.0]]]","[(0, 1, 2, 0, 0, 0, 0, 0, 0), (0, 0, 4, 2, 0, 0, 0, 0, 0), (0, 2, 139, 3, 0, 0, 0, 0, 0), (0, -1, -1, -1, 0, 0, 0, 0, 0), (1, 78, 4, 0, 0, 0, 0, 0, 0), (1, 3, 2, 0, 0, 0, 0, 0, 0), (1, -1, -1, 0, 0, 0, 0, 0, 0), (2, 0, 0, 0, 0, 0, 0, 0, 0), (2, 1, 0.11830758303403854, 0.0, 0.31822633743286133, 0.0, 0.0, 0.0, 1.0), (2, 1, inf, inf, inf, inf, inf, inf, inf)]",1.0,26577,"Stage 2; 139 | I4/mmm | tetragonal (4) | centrosymmetric (2) | ditetragonal-dipyramidal | 4/mmm; Li2Pt4; Stage 1; tetragonal; (2.236615166068077, 2.236615166068077, 2.6364526748657227), (90.0, 90.0, 90.0)",[[0 1 2 0 0 0 0 0 0] [0 0 4 2 0 0 0 0 0] [0 2 139 3 0 0 0 0 0] [0 -1 -1 -1 0 0 0 0 0] [1 78 4 0 0 0 0 0 0] [1 3 2 0 0 0 0 0 0] [1 -1 -1 0 0 0 0 0 0] [2 0 0 0 0 0 0 0 0] [2 1 0.11830758303403854 0.0 0.31822633743286133 0.0 0.0 0.0 1.0] [2 1 inf inf inf inf inf inf inf]]
57,"[2, [8, 2, 225], {78: 4}, [1, [0], [0.17439833283424377, 0.0, 0.0, 0.0, 0.0, 0.0]]]","[(0, 0, 8, 0, 0, 0, 0, 0, 0), (0, 1, 2, 1, 0, 0, 0, 0, 0), (0, 2, 225, 3, 0, 0, 0, 0, 0), (0, -1, -1, -1, 0, 0, 0, 0, 0), (1, 78, 4, 0, 0, 0, 0, 0, 0), (1, -1, -1, 0, 0, 0, 0, 0, 0), (2, 0, 0, 0, 0, 0, 0, 0, 0), (2, 1, 0.17439833283424377, 0.0, 0.0, 0.0, 0.0, 0.0, 1.0), (2, 1, inf, inf, inf, inf, inf, inf, inf)]",1.0,26979,"Stage 2; 225 | Fm-3m | cubic (8) | centrosymmetric (2) | hexoctahedral | m-3m; Pt4; Stage 1; cubic; (2.3487966656684875, 2.3487966656684875, 2.3487966656684875), (90.0, 90.0, 90.0)",[[0 0 8 0 0 0 0 0 0] [0 1 2 1 0 0 0 0 0] [0 2 225 3 0 0 0 0 0] [0 -1 -1 -1 0 0 0 0 0] [1 78 4 0 0 0 0 0 0] [1 -1 -1 0 0 0 0 0 0] [2 0 0 0 0 0 0 0 0] [2 1 0.17439833283424377 0.0 0.0 0.0 0.0 0.0 1.0] [2 1 inf inf inf inf inf inf inf]]
58,"[2, [8, 2, 225], {78: 4}, [1, [0], [0.17440535128116608, 0.0, 0.0, 0.0, 0.0, 0.0]]]","[(0, 2, 225, 0, 0, 0, 0, 0, 0), (0, -1, -1, -1, 0, 0, 0, 0, 0), (1, 78, 4, 0, 0, 0, 0, 0, 0), (1, -1, -1, 0, 0, 0, 0, 0, 0), (2, 0, 0, 0, 0, 0, 0, 0, 0), (2, 1, 0.17440535128116608, 0.0, 0.0, 0.0, 0.0, 0.0, 1.0), (2, 1, inf, inf, inf, inf, inf, inf, inf)]",1.0,27304,"Stage 2; 225 | Fm-3m | cubic (8) | centrosymmetric (2) | hexoctahedral | m-3m; Pt4; Stage 1; cubic; (2.348810702562332, 2.348810702562332, 2.348810702562332), (90.0, 90.0, 90.0)",[[0 2 225 0 0 0 0 0 0] [0 -1 -1 -1 0 0 0 0 0] [1 78 4 0 0 0 0 0 0] [1 -1 -1 0 0 0 0 0 0] [2 0 0 0 0 0 0 0 0] [2 1 0.17440535128116608 0.0 0.0 0.0 0.0 0.0 1.0] [2 1 inf inf inf inf inf inf inf]]
59,"[2, [4, 2, 139], {78: 4, 3: 2}, [1, [5], [0.09941089898347855, 0.0, 0.36393535137176514, 0.0, 0.0, 0.0]]]","[(0, 2, 139, 0, 0, 0, 0, 0, 0), (0, -1, -1, -1, 0, 0, 0, 0, 0), (1, 78, 4, 0, 0, 0, 0, 0, 0), (1, 3, 2, 0, 0, 0, 0, 0, 0), (1, -1, -1, 0, 0, 0, 0, 0, 0), (2, 0, 0, 0, 0, 0, 0, 0, 0), (2, 1, 0.09941089898347855, 0.0, 0.36393535137176514, 0.0, 0.0, 0.0, 1.0), (2, 1, inf, inf, inf, inf, inf, inf, inf)]",1.0,27957,"Stage 2; 139 | I4/mmm | tetragonal (4) | centrosymmetric (2) | ditetragonal-dipyramidal | 4/mmm; Li2Pt4; Stage 1; tetragonal; (2.198821797966957, 2.198821797966957, 2.7278707027435303), (90.0, 90.0, 90.0)",[[0 2 139 0 0 0 0 0 0] [0 -1 -1 -1 0 0 0 0 0] [1 78 4 0 0 0 0 0 0] [1 3 2 0 0 0 0 0 0] [1 -1 -1 0 0 0 0 0 0] [2 0 0 0 0 0 0 0 0] [2 1 0.09941089898347855 0.0 0.36393535137176514 0.0 0.0 0.0 1.0] [2 1 inf inf inf inf inf inf inf]]
60,"[2, [8, 2, 229], {46: 6}, [1, [0], [0.0984511598944664, 0.0, 0.0, 0.0, 0.0, 0.0]]]","[(0, 2, 229, 0, 0, 0, 0, 0, 0), (0, -1, -1, -1, 0, 0, 0, 0, 0), (1, 46, 6, 0, 0, 0, 0, 0, 0), (1, -1, -1, 0, 0, 0, 0, 0, 0), (2, 0, 0, 0, 0, 0, 0, 0, 0), (2, 1, 0.0984511598944664, 0.0, 0.0, 0.0, 0.0, 0.0, 1.0), (2, 1, inf, inf, inf, inf, inf, inf, inf)]",1.0,28018,"Stage 2; 229 | Im-3m | cubic (8) | centrosymmetric (2) | hexoctahedral | m-3m; Pd6; Stage 1; cubic; (2.196902319788933, 2.196902319788933, 2.196902319788933), (90.0, 90.0, 90.0)",[[0 2 229 0 0 0 0 0 0] [0 -1 -1 -1 0 0 0 0 0] [1 46 6 0 0 0 0 0 0] [1 -1 -1 0 0 0 0 0 0] [2 0 0 0 0 0 0 0 0] [2 1 0.0984511598944664 0.0 0.0 0.0 0.0 0.0 1.0] [2 1 inf inf inf inf inf inf inf]]
61,"[2, [8, 2, 229], {78: 6}, [1, [0], [0.3443548083305359, 0.0, 0.0, 0.0, 0.0, 0.0]]]","[(0, 2, 229, 0, 0, 0, 0, 0, 0), (0, -1, -1, -1, 0, 0, 0, 0, 0), (1, 78, 6, 0, 0, 0, 0, 0, 0), (1, -1, -1, 0, 0, 0, 0, 0, 0), (2, 0, 0, 0, 0, 0, 0, 0, 0), (2, 1, 0.3443548083305359, 0.0, 0.0, 0.0, 0.0, 0.0, 1.0), (2, 1, inf, inf, inf, inf, inf, inf, inf)]",1.0,28148,"Stage 2; 229 | Im-3m | cubic (8) | centrosymmetric (2) | hexoctahedral | m-3m; Pt6; Stage 1; cubic; (2.6887096166610718, 2.6887096166610718, 2.6887096166610718), (90.0, 90.0, 90.0)",[[0 2 229 0 0 0 0 0 0] [0 -1 -1 -1 0 0 0 0 0] [1 78 6 0 0 0 0 0 0] [1 -1 -1 0 0 0 0 0 0] [2 0 0 0 0 0 0 0 0] [2 1 0.3443548083305359 0.0 0.0 0.0 0.0 0.0 1.0] [2 1 inf inf inf inf inf inf inf]]
62,"[2, [4, 2, 139], {78: 4, 13: 2}, [1, [5], [0.15877318382263184, 0.0, 0.28971660137176514, 0.0, 0.0, 0.0]]]","[(0, 2, 139, 0, 0, 0, 0, 0, 0), (0, -1, -1, -1, 0, 0, 0, 0, 0), (1, 78, 4, 0, 0, 0, 0, 0, 0), (1, 13, 2, 0, 0, 0, 0, 0, 0), (1, -1, -1, 0, 0, 0, 0, 0, 0), (2, 0, 0, 0, 0, 0, 0, 0, 0), (2, 1, 0.15877318382263184, 0.0, 0.28971660137176514, 0.0, 0.0, 0.0, 1.0), (2, 1, inf, inf, inf, inf, inf, inf, inf)]",1.0,28727,"Stage 2; 139 | I4/mmm | tetragonal (4) | centrosymmetric (2) | ditetragonal-dipyramidal | 4/mmm; Al2Pt4; Stage 1; tetragonal; (2.3175463676452637, 2.3175463676452637, 2.5794332027435303), (90.0, 90.0, 90.0)",[[0 2 139 0 0 0 0 0 0] [0 -1 -1 -1 0 0 0 0 0] [1 78 4 0 0 0 0 0 0] [1 13 2 0 0 0 0 0 0] [1 -1 -1 0 0 0 0 0 0] [2 0 0 0 0 0 0 0 0] [2 1 0.15877318382263184 0.0 0.28971660137176514 0.0 0.0 0.0 1.0] [2 1 inf inf inf inf inf inf inf]]
63,"[2, [8, 2, 229], {46: 6}, [1, [0], [0.0984572321176529, 0.0, 0.0, 0.0, 0.0, 0.0]]]","[(0, 2, 229, 0, 0, 0, 0, 0, 0), (0, -1, -1, -1, 0, 0, 0, 0, 0), (1, 46, 6, 0, 0, 0, 0, 0, 0), (1, -1, -1, 0, 0, 0, 0, 0, 0), (2, 0, 0, 0, 0, 0, 0, 0, 0), (2, 1, 0.0984572321176529, 0.0, 0.0, 0.0, 0.0, 0.0, 1.0), (2, 1, inf, inf, inf, inf, inf, inf, inf)]",1.0,28939,"Stage 2; 229 | Im-3m | cubic (8) | centrosymmetric (2) | hexoctahedral | m-3m; Pd6; Stage 1; cubic; (2.196914464235306, 2.196914464235306, 2.196914464235306), (90.0, 90.0, 90.0)",[[0 2 229 0 0 0 0 0 0] [0 -1 -1 -1 0 0 0 0 0] [1 46 6 0 0 0 0 0 0] [1 -1 -1 0 0 0 0 0 0] [2 0 0 0 0 0 0 0 0] [2 1 0.0984572321176529 0.0 0.0 0.0 0.0 0.0 1.0] [2 1 inf inf inf inf inf inf inf]]
64,"[2, [8, 2, 229], {46: 6}, [1, [0], [0.0984547883272171, 0.0, 0.0, 0.0, 0.0, 0.0]]]","[(0, 0, 8, 0, 0, 0, 0, 0, 0), (0, 1, 2, 1, 0, 0, 0, 0, 0), (0, 2, 229, 3, 0, 0, 0, 0, 0), (0, -1, -1, -1, 0, 0, 0, 0, 0), (1, 46, 6, 0, 0, 0, 0, 0, 0), (1, -1, -1, 0, 0, 0, 0, 0, 0), (2, 0, 0, 0, 0, 0, 0, 0, 0), (2, 1, 0.0984547883272171, 0.0, 0.0, 0.0, 0.0, 0.0, 1.0), (2, 1, inf, inf, inf, inf, inf, inf, inf)]",1.0,28990,"Stage 2; 229 | Im-3m | cubic (8) | centrosymmetric (2) | hexoctahedral | m-3m; Pd6; Stage 1; cubic; (2.196909576654434, 2.196909576654434, 2.196909576654434), (90.0, 90.0, 90.0)",[[0 0 8 0 0 0 0 0 0] [0 1 2 1 0 0 0 0 0] [0 2 229 3 0 0 0 0 0] [0 -1 -1 -1 0 0 0 0 0] [1 46 6 0 0 0 0 0 0] [1 -1 -1 0 0 0 0 0 0] [2 0 0 0 0 0 0 0 0] [2 1 0.0984547883272171 0.0 0.0 0.0 0.0 0.0 1.0] [2 1 inf inf inf inf inf inf inf]]
65,"[2, [8, 2, 229], {46: 6}, [1, [0], [0.09845642000436783, 0.0, 0.0, 0.0, 0.0, 0.0]]]","[(0, 2, 229, 0, 0, 0, 0, 0, 0), (0, -1, -1, -1, 0, 0, 0, 0, 0), (1, 46, 6, 0, 0, 0, 0, 0, 0), (1, -1, -1, 0, 0, 0, 0, 0, 0), (2, 0, 0, 0, 0, 0, 0, 0, 0), (2, 1, 0.09845642000436783, 0.0, 0.0, 0.0, 0.0, 0.0, 1.0), (2, 1, inf, inf, inf, inf, inf, inf, inf)]",1.0,29430,"Stage 2; 229 | Im-3m | cubic (8) | centrosymmetric (2) | hexoctahedral | m-3m; Pd6; Stage 1; cubic; (2.1969128400087357, 2.1969128400087357, 2.1969128400087357), (90.0, 90.0, 90.0)",[[0 2 229 0 0 0 0 0 0] [0 -1 -1 -1 0 0 0 0 0] [1 46 6 0 0 0 0 0 0] [1 -1 -1 0 0 0 0 0 0] [2 0 0 0 0 0 0 0 0] [2 1 0.09845642000436783 0.0 0.0 0.0 0.0 0.0 1.0] [2 1 inf inf inf inf inf inf inf]]
66,"[2, [2, 2, 11], {78: 6}, [1, [2], [0.2972082197666168, 0.2893788814544678, 0.45320969820022583, 0.0, 0.39560097455978394, 0.0]]]","[(0, 1, 2, 0, 0, 0, 0, 0, 0), (0, 2, 11, 2, 0, 0, 0, 0, 0), (0, -1, -1, -1, 0, 0, 0, 0, 0), (1, 78, 6, 0, 0, 0, 0, 0, 0), (1, -1, -1, 0, 0, 0, 0, 0, 0), (2, 0, 0, 0, 0, 0, 0, 0, 0), (2, 1, 0.2972082197666168, 0.2893788814544678, 0.45320969820022583, 0.0, 0.39560097455978394, 0.0, 1.0), (2, 1, inf, inf, inf, inf, inf, inf, inf)]",1.0,29459,"Stage 2; 11 | P12_1/m1 | monoclinic (2) | centrosymmetric (2) | prismatic | 2/m; Pt6; Stage 1; monoclinic; (2.5944164395332336, 2.5787577629089355, 2.9064193964004517), (90.0, 91.64807796478271, 90.0)",[[0 1 2 0 0 0 0 0 0] [0 2 11 2 0 0 0 0 0] [0 -1 -1 -1 0 0 0 0 0] [1 78 6 0 0 0 0 0 0] [1 -1 -1 0 0 0 0 0 0] [2 0 0 0 0 0 0 0 0] [2 1 0.2972082197666168 0.2893788814544678 0.45320969820022583 0.0 0.39560097455978394 0.0 1.0] [2 1 inf inf inf inf inf inf inf]]
67,"[2, [4, 2, 139], {78: 4, 46: 2}, [1, [5], [0.21672937273979187, 0.0, 0.3925270438194275, 0.0, 0.0, 0.0]]]","[(0, 2, 139, 0, 0, 0, 0, 0, 0), (0, -1, -1, -1, 0, 0, 0, 0, 0), (1, 78, 4, 0, 0, 0, 0, 0, 0), (1, 46, 2, 0, 0, 0, 0, 0, 0), (1, -1, -1, 0, 0, 0, 0, 0, 0), (2, 0, 0, 0, 0, 0, 0, 0, 0), (2, 1, 0.21672937273979187, 0.0, 0.3925270438194275, 0.0, 0.0, 0.0, 1.0), (2, 1, inf, inf, inf, inf, inf, inf, inf)]",1.0,30024,"Stage 2; 139 | I4/mmm | tetragonal (4) | centrosymmetric (2) | ditetragonal-dipyramidal | 4/mmm; Pd2Pt4; Stage 1; tetragonal; (2.4334587454795837, 2.4334587454795837, 2.785054087638855), (90.0, 90.0, 90.0)",[[0 2 139 0 0 0 0 0 0] [0 -1 -1 -1 0 0 0 0 0] [1 78 4 0 0 0 0 0 0] [1 46 2 0 0 0 0 0 0] [1 -1 -1 0 0 0 0 0 0] [2 0 0 0 0 0 0 0 0] [2 1 0.21672937273979187 0.0 0.3925270438194275 0.0 0.0 0.0 1.0] [2 1 inf inf inf inf inf inf inf]]
68,"[2, [4, 2, 139], {78: 4, 13: 2}, [1, [5], [0.11192061752080917, 0.0, 0.40069034695625305, 0.0, 0.0, 0.0]]]","[(0, 0, 4, 0, 0, 0, 0, 0, 0), (0, 1, 2, 1, 0, 0, 0, 0, 0), (0, 2, 139, 3, 0, 0, 0, 0, 0), (0, -1, -1, -1, 0, 0, 0, 0, 0), (1, 78, 4, 0, 0, 0, 0, 0, 0), (1, 13, 2, 0, 0, 0, 0, 0, 0), (1, -1, -1, 0, 0, 0, 0, 0, 0), (2, 0, 0, 0, 0, 0, 0, 0, 0), (2, 1, 0.11192061752080917, 0.0, 0.40069034695625305, 0.0, 0.0, 0.0, 1.0), (2, 1, inf, inf, inf, inf, inf, inf, inf)]",1.0,30629,"Stage 2; 139 | I4/mmm | tetragonal (4) | centrosymmetric (2) | ditetragonal-dipyramidal | 4/mmm; Al2Pt4; Stage 1; tetragonal; (2.2238412350416183, 2.2238412350416183, 2.801380693912506), (90.0, 90.0, 90.0)",[[0 0 4 0 0 0 0 0 0] [0 1 2 1 0 0 0 0 0] [0 2 139 3 0 0 0 0 0] [0 -1 -1 -1 0 0 0 0 0] [1 78 4 0 0 0 0 0 0] [1 13 2 0 0 0 0 0 0] [1 -1 -1 0 0 0 0 0 0] [2 0 0 0 0 0 0 0 0] [2 1 0.11192061752080917 0.0 0.40069034695625305 0.0 0.0 0.0 1.0] [2 1 inf inf inf inf inf inf inf]]
69,"[2, [4, 2, 139], {78: 4, 3: 2}, [1, [5], [0.10981306433677673, 0.0, 0.3384537696838379, 0.0, 0.0, 0.0]]]","[(0, 2, 139, 0, 0, 0, 0, 0, 0), (0, -1, -1, -1, 0, 0, 0, 0, 0), (1, 78, 4, 0, 0, 0, 0, 0, 0), (1, 3, 2, 0, 0, 0, 0, 0, 0), (1, -1, -1, 0, 0, 0, 0, 0, 0), (2, 0, 0, 0, 0, 0, 0, 0, 0), (2, 1, 0.10981306433677673, 0.0, 0.3384537696838379, 0.0, 0.0, 0.0, 1.0), (2, 1, inf, inf, inf, inf, inf, inf, inf)]",1.0,30641,"Stage 2; 139 | I4/mmm | tetragonal (4) | centrosymmetric (2) | ditetragonal-dipyramidal | 4/mmm; Li2Pt4; Stage 1; tetragonal; (2.2196261286735535, 2.2196261286735535, 2.676907539367676), (90.0, 90.0, 90.0)",[[0 2 139 0 0 0 0 0 0] [0 -1 -1 -1 0 0 0 0 0] [1 78 4 0 0 0 0 0 0] [1 3 2 0 0 0 0 0 0] [1 -1 -1 0 0 0 0 0 0] [2 0 0 0 0 0 0 0 0] [2 1 0.10981306433677673 0.0 0.3384537696838379 0.0 0.0 0.0 1.0] [2 1 inf inf inf inf inf inf inf]]
70,"[2, [8, 2, 229], {46: 6}, [1, [0], [0.09844858944416046, 0.0, 0.0, 0.0, 0.0, 0.0]]]","[(0, 2, 229, 0, 0, 0, 0, 0, 0), (0, -1, -1, -1, 0, 0, 0, 0, 0), (1, 46, 6, 0, 0, 0, 0, 0, 0), (1, -1, -1, 0, 0, 0, 0, 0, 0), (2, 0, 0, 0, 0, 0, 0, 0, 0), (2, 1, 0.09844858944416046, 0.0, 0.0, 0.0, 0.0, 0.0, 1.0), (2, 1, inf, inf, inf, inf, inf, inf, inf)]",1.0,31397,"Stage 2; 229 | Im-3m | cubic (8) | centrosymmetric (2) | hexoctahedral | m-3m; Pd6; Stage 1; cubic; (2.196897178888321, 2.196897178888321, 2.196897178888321), (90.0, 90.0, 90.0)",[[0 2 229 0 0 0 0 0 0] [0 -1 -1 -1 0 0 0 0 0] [1 46 6 0 0 0 0 0 0] [1 -1 -1 0 0 0 0 0 0] [2 0 0 0 0 0 0 0 0] [2 1 0.09844858944416046 0.0 0.0 0.0 0.0 0.0 1.0] [2 1 inf inf inf inf inf inf inf]]
71,"[2, [8, 2, 229], {46: 6}, [1, [0], [0.0984548032283783, 0.0, 0.0, 0.0, 0.0, 0.0]]]","[(0, 2, 229, 0, 0, 0, 0, 0, 0), (0, -1, -1, -1, 0, 0, 0, 0, 0), (1, 46, 6, 0, 0, 0, 0, 0, 0), (1, -1, -1, 0, 0, 0, 0, 0, 0), (2, 0, 0, 0, 0, 0, 0, 0, 0), (2, 1, 0.0984548032283783, 0.0, 0.0, 0.0, 0.0, 0.0, 1.0), (2, 1, inf, inf, inf, inf, inf, inf, inf)]",1.0,31695,"Stage 2; 229 | Im-3m | cubic (8) | centrosymmetric (2) | hexoctahedral | m-3m; Pd6; Stage 1; cubic; (2.1969096064567566, 2.1969096064567566, 2.1969096064567566), (90.0, 90.0, 90.0)",[[0 2 229 0 0 0 0 0 0] [0 -1 -1 -1 0 0 0 0 0] [1 46 6 0 0 0 0 0 0] [1 -1 -1 0 0 0 0 0 0] [2 0 0 0 0 0 0 0 0] [2 1 0.0984548032283783 0.0 0.0 0.0 0.0 0.0 1.0] [2 1 inf inf inf inf inf inf inf]]
72,"[2, [4, 2, 139], {78: 4, 13: 2}, [1, [5], [0.14433224499225616, 0.0, 0.32247301936149597, 0.0, 0.0, 0.0]]]","[(0, 2, 139, 0, 0, 0, 0, 0, 0), (0, -1, -1, -1, 0, 0, 0, 0, 0), (1, 78, 4, 0, 0, 0, 0, 0, 0), (1, 13, 2, 0, 0, 0, 0, 0, 0), (1, -1, -1, 0, 0, 0, 0, 0, 0), (2, 0, 0, 0, 0, 0, 0, 0, 0), (2, 1, 0.14433224499225616, 0.0, 0.32247301936149597, 0.0, 0.0, 0.0, 1.0), (2, 1, inf, inf, inf, inf, inf, inf, inf)]",1.0,31754,"Stage 2; 139 | I4/mmm | tetragonal (4) | centrosymmetric (2) | ditetragonal-dipyramidal | 4/mmm; Al2Pt4; Stage 1; tetragonal; (2.2886644899845123, 2.2886644899845123, 2.644946038722992), (90.0, 90.0, 90.0)",[[0 2 139 0 0 0 0 0 0] [0 -1 -1 -1 0 0 0 0 0] [1 78 4 0 0 0 0 0 0] [1 13 2 0 0 0 0 0 0] [1 -1 -1 0 0 0 0 0 0] [2 0 0 0 0 0 0 0 0] [2 1 0.14433224499225616 0.0 0.32247301936149597 0.0 0.0 0.0 1.0] [2 1 inf inf inf inf inf inf inf]]
73,"[2, [8, 2, 229], {46: 6}, [1, [0], [0.09845118969678879, 0.0, 0.0, 0.0, 0.0, 0.0]]]","[(0, 2, 229, 0, 0, 0, 0, 0, 0), (0, -1, -1, -1, 0, 0, 0, 0, 0), (1, 46, 6, 0, 0, 0, 0, 0, 0), (1, -1, -1, 0, 0, 0, 0, 0, 0), (2, 0, 0, 0, 0, 0, 0, 0, 0), (2, 1, 0.09845118969678879, 0.0, 0.0, 0.0, 0.0, 0.0, 1.0), (2, 1, inf, inf, inf, inf, inf, inf, inf)]",1.0,31911,"Stage 2; 229 | Im-3m | cubic (8) | centrosymmetric (2) | hexoctahedral | m-3m; Pd6; Stage 1; cubic; (2.1969023793935776, 2.1969023793935776, 2.1969023793935776), (90.0, 90.0, 90.0)",[[0 2 229 0 0 0 0 0 0] [0 -1 -1 -1 0 0 0 0 0] [1 46 6 0 0 0 0 0 0] [1 -1 -1 0 0 0 0 0 0] [2 0 0 0 0 0 0 0 0] [2 1 0.09845118969678879 0.0 0.0 0.0 0.0 0.0 1.0] [2 1 inf inf inf inf inf inf inf]]
74,"[2, [4, 2, 139], {46: 4, 78: 2}, [1, [5], [0.11466429382562637, 0.0, 0.3629954755306244, 0.0, 0.0, 0.0]]]","[(0, 0, 4, 0, 0, 0, 0, 0, 0), (0, 2, 139, 1, 0, 0, 0, 0, 0), (0, -1, -1, -1, 0, 0, 0, 0, 0), (1, 46, 4, 0, 0, 0, 0, 0, 0), (1, 78, 2, 0, 0, 0, 0, 0, 0), (1, -1, -1, 0, 0, 0, 0, 0, 0), (2, 0, 0, 0, 0, 0, 0, 0, 0), (2, 1, 0.11466429382562637, 0.0, 0.3629954755306244, 0.0, 0.0, 0.0, 1.0), (2, 1, inf, inf, inf, inf, inf, inf, inf)]",1.0,32234,"Stage 2; 139 | I4/mmm | tetragonal (4) | centrosymmetric (2) | ditetragonal-dipyramidal | 4/mmm; Pd4Pt2; Stage 1; tetragonal; (2.2293285876512527, 2.2293285876512527, 2.725990951061249), (90.0, 90.0, 90.0)",[[0 0 4 0 0 0 0 0 0] [0 2 139 1 0 0 0 0 0] [0 -1 -1 -1 0 0 0 0 0] [1 46 4 0 0 0 0 0 0] [1 78 2 0 0 0 0 0 0] [1 -1 -1 0 0 0 0 0 0] [2 0 0 0 0 0 0 0 0] [2 1 0.11466429382562637 0.0 0.3629954755306244 0.0 0.0 0.0 1.0] [2 1 inf inf inf inf inf inf inf]]
75,"[2, [8, 2, 229], {78: 6}, [1, [0], [0.344352662563324, 0.0, 0.0, 0.0, 0.0, 0.0]]]","[(0, 2, 229, 0, 0, 0, 0, 0, 0), (0, -1, -1, -1, 0, 0, 0, 0, 0), (1, 78, 6, 0, 0, 0, 0, 0, 0), (1, -1, -1, 0, 0, 0, 0, 0, 0), (2, 0, 0, 0, 0, 0, 0, 0, 0), (2, 1, 0.344352662563324, 0.0, 0.0, 0.0, 0.0, 0.0, 1.0), (2, 1, inf, inf, inf, inf, inf, inf, inf)]",1.0,32466,"Stage 2; 229 | Im-3m | cubic (8) | centrosymmetric (2) | hexoctahedral | m-3m; Pt6; Stage 1; cubic; (2.688705325126648, 2.688705325126648, 2.688705325126648), (90.0, 90.0, 90.0)",[[0 2 229 0 0 0 0 0 0] [0 -1 -1 -1 0 0 0 0 0] [1 78 6 0 0 0 0 0 0] [1 -1 -1 0 0 0 0 0 0] [2 0 0 0 0 0 0 0 0] [2 1 0.344352662563324 0.0 0.0 0.0 0.0 0.0 1.0] [2 1 inf inf inf inf inf inf inf]]
76,"[2, [4, 2, 139], {78: 4, 13: 2}, [1, [5], [0.16705669462680817, 0.0, 0.2714541554450989, 0.0, 0.0, 0.0]]]","[(0, 2, 139, 0, 0, 0, 0, 0, 0), (0, -1, -1, -1, 0, 0, 0, 0, 0), (1, 78, 4, 0, 0, 0, 0, 0, 0), (1, 13, 2, 0, 0, 0, 0, 0, 0), (1, -1, -1, 0, 0, 0, 0, 0, 0), (2, 0, 0, 0, 0, 0, 0, 0, 0), (2, 1, 0.16705669462680817, 0.0, 0.2714541554450989, 0.0, 0.0, 0.0, 1.0), (2, 1, inf, inf, inf, inf, inf, inf, inf)]",1.0,34628,"Stage 2; 139 | I4/mmm | tetragonal (4) | centrosymmetric (2) | ditetragonal-dipyramidal | 4/mmm; Al2Pt4; Stage 1; tetragonal; (2.3341133892536163, 2.3341133892536163, 2.5429083108901978), (90.0, 90.0, 90.0)",[[0 2 139 0 0 0 0 0 0] [0 -1 -1 -1 0 0 0 0 0] [1 78 4 0 0 0 0 0 0] [1 13 2 0 0 0 0 0 0] [1 -1 -1 0 0 0 0 0 0] [2 0 0 0 0 0 0 0 0] [2 1 0.16705669462680817 0.0 0.2714541554450989 0.0 0.0 0.0 1.0] [2 1 inf inf inf inf inf inf inf]]
77,"[2, [4, 2, 139], {78: 4, 13: 2}, [1, [5], [0.16954538226127625, 0.0, 0.2660590708255768, 0.0, 0.0, 0.0]]]","[(0, 0, 4, 0, 0, 0, 0, 0, 0), (0, 1, 2, 1, 0, 0, 0, 0, 0), (0, 2, 139, 3, 0, 0, 0, 0, 0), (0, -1, -1, -1, 0, 0, 0, 0, 0), (1, 78, 4, 0, 0, 0, 0, 0, 0), (1, 13, 2, 0, 0, 0, 0, 0, 0), (1, -1, -1, 0, 0, 0, 0, 0, 0), (2, 0, 0, 0, 0, 0, 0, 0, 0), (2, 1, 0.16954538226127625, 0.0, 0.2660590708255768, 0.0, 0.0, 0.0, 1.0), (2, 1, inf, inf, inf, inf, inf, inf, inf)]",1.0,34871,"Stage 2; 139 | I4/mmm | tetragonal (4) | centrosymmetric (2) | ditetragonal-dipyramidal | 4/mmm; Al2Pt4; Stage 1; tetragonal; (2.3390907645225525, 2.3390907645225525, 2.5321181416511536), (90.0, 90.0, 90.0)",[[0 0 4 0 0 0 0 0 0] [0 1 2 1 0 0 0 0 0] [0 2 139 3 0 0 0 0 0] [0 -1 -1 -1 0 0 0 0 0] [1 78 4 0 0 0 0 0 0] [1 13 2 0 0 0 0 0 0] [1 -1 -1 0 0 0 0 0 0] [2 0 0 0 0 0 0 0 0] [2 1 0.16954538226127625 0.0 0.2660590708255768 0.0 0.0 0.0 1.0] [2 1 inf inf inf inf inf inf inf]]
78,"[2, [8, 2, 229], {46: 6}, [1, [0], [0.09845174103975296, 0.0, 0.0, 0.0, 0.0, 0.0]]]","[(0, 2, 229, 0, 0, 0, 0, 0, 0), (0, -1, -1, -1, 0, 0, 0, 0, 0), (1, 46, 6, 0, 0, 0, 0, 0, 0), (1, -1, -1, 0, 0, 0, 0, 0, 0), (2, 0, 0, 0, 0, 0, 0, 0, 0), (2, 1, 0.09845174103975296, 0.0, 0.0, 0.0, 0.0, 0.0, 1.0), (2, 1, inf, inf, inf, inf, inf, inf, inf)]",1.0,34895,"Stage 2; 229 | Im-3m | cubic (8) | centrosymmetric (2) | hexoctahedral | m-3m; Pd6; Stage 1; cubic; (2.196903482079506, 2.196903482079506, 2.196903482079506), (90.0, 90.0, 90.0)",[[0 2 229 0 0 0 0 0 0] [0 -1 -1 -1 0 0 0 0 0] [1 46 6 0 0 0 0 0 0] [1 -1 -1 0 0 0 0 0 0] [2 0 0 0 0 0 0 0 0] [2 1 0.09845174103975296 0.0 0.0 0.0 0.0 0.0 1.0] [2 1 inf inf inf inf inf inf inf]]
79,"[2, [8, 2, 229], {46: 6}, [1, [0], [0.098451629281044, 0.0, 0.0, 0.0, 0.0, 0.0]]]","[(0, 2, 229, 0, 0, 0, 0, 0, 0), (0, -1, -1, -1, 0, 0, 0, 0, 0), (1, 46, 6, 0, 0, 0, 0, 0, 0), (1, -1, -1, 0, 0, 0, 0, 0, 0), (2, 0, 0, 0, 0, 0, 0, 0, 0), (2, 1, 0.098451629281044, 0.0, 0.0, 0.0, 0.0, 0.0, 1.0), (2, 1, inf, inf, inf, inf, inf, inf, inf)]",1.0,34929,"Stage 2; 229 | Im-3m | cubic (8) | centrosymmetric (2) | hexoctahedral | m-3m; Pd6; Stage 1; cubic; (2.196903258562088, 2.196903258562088, 2.196903258562088), (90.0, 90.0, 90.0)",[[0 2 229 0 0 0 0 0 0] [0 -1 -1 -1 0 0 0 0 0] [1 46 6 0 0 0 0 0 0] [1 -1 -1 0 0 0 0 0 0] [2 0 0 0 0 0 0 0 0] [2 1 0.098451629281044 0.0 0.0 0.0 0.0 0.0 1.0] [2 1 inf inf inf inf inf inf inf]]
80,"[2, [8, 2, 225], {78: 4}, [1, [0], [0.1743999868631363, 0.0, 0.0, 0.0, 0.0, 0.0]]]","[(0, 2, 225, 0, 0, 0, 0, 0, 0), (0, -1, -1, -1, 0, 0, 0, 0, 0), (1, 78, 4, 0, 0, 0, 0, 0, 0), (1, -1, -1, 0, 0, 0, 0, 0, 0), (2, 0, 0, 0, 0, 0, 0, 0, 0), (2, 1, 0.1743999868631363, 0.0, 0.0, 0.0, 0.0, 0.0, 1.0), (2, 1, inf, inf, inf, inf, inf, inf, inf)]",1.0,35819,"Stage 2; 225 | Fm-3m | cubic (8) | centrosymmetric (2) | hexoctahedral | m-3m; Pt4; Stage 1; cubic; (2.3487999737262726, 2.3487999737262726, 2.3487999737262726), (90.0, 90.0, 90.0)",[[0 2 225 0 0 0 0 0 0] [0 -1 -1 -1 0 0 0 0 0] [1 78 4 0 0 0 0 0 0] [1 -1 -1 0 0 0 0 0 0] [2 0 0 0 0 0 0 0 0] [2 1 0.1743999868631363 0.0 0.0 0.0 0.0 0.0 1.0] [2 1 inf inf inf inf inf inf inf]]
81,"[2, [2, 2, 11], {46: 4, 78: 2}, [1, [2], [0.13013054430484772, 0.2317158579826355, 0.26591378450393677, 0.0, 0.17438699305057526, 0.0]]]","[(0, 2, 11, 0, 0, 0, 0, 0, 0), (0, -1, -1, -1, 0, 0, 0, 0, 0), (1, 46, 4, 0, 0, 0, 0, 0, 0), (1, 78, 2, 0, 0, 0, 0, 0, 0), (1, -1, -1, 0, 0, 0, 0, 0, 0), (2, 0, 0, 0, 0, 0, 0, 0, 0), (2, 1, 0.13013054430484772, 0.2317158579826355, 0.26591378450393677, 0.0, 0.17438699305057526, 0.0, 1.0), (2, 1, inf, inf, inf, inf, inf, inf, inf)]",1.0,36006,"Stage 2; 11 | P12_1/m1 | monoclinic (2) | centrosymmetric (2) | prismatic | 2/m; Pd4Pt2; Stage 1; monoclinic; (2.2602610886096954, 2.463431715965271, 2.5318275690078735), (90.0, 73.95095944404602, 90.0)",[[0 2 11 0 0 0 0 0 0] [0 -1 -1 -1 0 0 0 0 0] [1 46 4 0 0 0 0 0 0] [1 78 2 0 0 0 0 0 0] [1 -1 -1 0 0 0 0 0 0] [2 0 0 0 0 0 0 0 0] [2 1 0.13013054430484772 0.2317158579826355 0.26591378450393677 0.0 0.17438699305057526 0.0 1.0] [2 1 inf inf inf inf inf inf inf]]
82,"[2, [8, 2, 229], {46: 6}, [1, [0], [0.09845174103975296, 0.0, 0.0, 0.0, 0.0, 0.0]]]","[(0, 2, 229, 0, 0, 0, 0, 0, 0), (0, -1, -1, -1, 0, 0, 0, 0, 0), (1, 46, 6, 0, 0, 0, 0, 0, 0), (1, -1, -1, 0, 0, 0, 0, 0, 0), (2, 0, 0, 0, 0, 0, 0, 0, 0), (2, 1, 0.09845174103975296, 0.0, 0.0, 0.0, 0.0, 0.0, 1.0), (2, 1, inf, inf, inf, inf, inf, inf, inf)]",1.0,36448,"Stage 2; 229 | Im-3m | cubic (8) | centrosymmetric (2) | hexoctahedral | m-3m; Pd6; Stage 1; cubic; (2.196903482079506, 2.196903482079506, 2.196903482079506), (90.0, 90.0, 90.0)",[[0 2 229 0 0 0 0 0 0] [0 -1 -1 -1 0 0 0 0 0] [1 46 6 0 0 0 0 0 0] [1 -1 -1 0 0 0 0 0 0] [2 0 0 0 0 0 0 0 0] [2 1 0.09845174103975296 0.0 0.0 0.0 0.0 0.0 1.0] [2 1 inf inf inf inf inf inf inf]]
83,"[2, [4, 2, 139], {46: 6}, [1, [5], [0.07125291228294373, 0.0, 0.15494437515735626, 0.0, 0.0, 0.0]]]","[(0, 2, 139, 0, 0, 0, 0, 0, 0), (0, -1, -1, -1, 0, 0, 0, 0, 0), (1, 46, 6, 0, 0, 0, 0, 0, 0), (1, -1, -1, 0, 0, 0, 0, 0, 0), (2, 0, 0, 0, 0, 0, 0, 0, 0), (2, 1, 0.07125291228294373, 0.0, 0.15494437515735626, 0.0, 0.0, 0.0, 1.0), (2, 1, inf, inf, inf, inf, inf, inf, inf)]",1.0,36976,"Stage 2; 139 | I4/mmm | tetragonal (4) | centrosymmetric (2) | ditetragonal-dipyramidal | 4/mmm; Pd6; Stage 1; tetragonal; (2.1425058245658875, 2.1425058245658875, 2.3098887503147125), (90.0, 90.0, 90.0)",[[0 2 139 0 0 0 0 0 0] [0 -1 -1 -1 0 0 0 0 0] [1 46 6 0 0 0 0 0 0] [1 -1 -1 0 0 0 0 0 0] [2 0 0 0 0 0 0 0 0] [2 1 0.07125291228294373 0.0 0.15494437515735626 0.0 0.0 0.0 1.0] [2 1 inf inf inf inf inf inf inf]]
84,"[2, [4, 2, 139], {78: 4, 46: 2}, [1, [5], [0.25964897871017456, 0.0, 0.29925021529197693, 0.0, 0.0, 0.0]]]","[(0, 0, 4, 0, 0, 0, 0, 0, 0), (0, 1, 2, 1, 0, 0, 0, 0, 0), (0, 2, 139, 3, 0, 0, 0, 0, 0), (0, -1, -1, -1, 0, 0, 0, 0, 0), (1, 78, 4, 0, 0, 0, 0, 0, 0), (1, 46, 2, 0, 0, 0, 0, 0, 0), (1, -1, -1, 0, 0, 0, 0, 0, 0), (2, 0, 0, 0, 0, 0, 0, 0, 0), (2, 1, 0.25964897871017456, 0.0, 0.29925021529197693, 0.0, 0.0, 0.0, 1.0), (2, 1, inf, inf, inf, inf, inf, inf, inf)]",1.0,38384,"Stage 2; 139 | I4/mmm | tetragonal (4) | centrosymmetric (2) | ditetragonal-dipyramidal | 4/mmm; Pd2Pt4; Stage 1; tetragonal; (2.519297957420349, 2.519297957420349, 2.598500430583954), (90.0, 90.0, 90.0)",[[0 0 4 0 0 0 0 0 0] [0 1 2 1 0 0 0 0 0] [0 2 139 3 0 0 0 0 0] [0 -1 -1 -1 0 0 0 0 0] [1 78 4 0 0 0 0 0 0] [1 46 2 0 0 0 0 0 0] [1 -1 -1 0 0 0 0 0 0] [2 0 0 0 0 0 0 0 0] [2 1 0.25964897871017456 0.0 0.29925021529197693 0.0 0.0 0.0 1.0] [2 1 inf inf inf inf inf inf inf]]
85,"[2, [8, 2, 225], {78: 4}, [1, [0], [0.1744055151939392, 0.0, 0.0, 0.0, 0.0, 0.0]]]","[(0, 2, 225, 0, 0, 0, 0, 0, 0), (0, -1, -1, -1, 0, 0, 0, 0, 0), (1, 78, 4, 0, 0, 0, 0, 0, 0), (1, -1, -1, 0, 0, 0, 0, 0, 0), (2, 0, 0, 0, 0, 0, 0, 0, 0), (2, 1, 0.1744055151939392, 0.0, 0.0, 0.0, 0.0, 0.0, 1.0), (2, 1, inf, inf, inf, inf, inf, inf, inf)]",1.0,38447,"Stage 2; 225 | Fm-3m | cubic (8) | centrosymmetric (2) | hexoctahedral | m-3m; Pt4; Stage 1; cubic; (2.3488110303878784, 2.3488110303878784, 2.3488110303878784), (90.0, 90.0, 90.0)",[[0 2 225 0 0 0 0 0 0] [0 -1 -1 -1 0 0 0 0 0] [1 78 4 0 0 0 0 0 0] [1 -1 -1 0 0 0 0 0 0] [2 0 0 0 0 0 0 0 0] [2 1 0.1744055151939392 0.0 0.0 0.0 0.0 0.0 1.0] [2 1 inf inf inf inf inf inf inf]]
86,"[2, [8, 2, 225], {78: 4}, [1, [0], [0.174399271607399, 0.0, 0.0, 0.0, 0.0, 0.0]]]","[(0, 0, 8, 0, 0, 0, 0, 0, 0), (0, 2, 225, 1, 0, 0, 0, 0, 0), (0, -1, -1, -1, 0, 0, 0, 0, 0), (1, 78, 4, 0, 0, 0, 0, 0, 0), (1, -1, -1, 0, 0, 0, 0, 0, 0), (2, 0, 0, 0, 0, 0, 0, 0, 0), (2, 1, 0.174399271607399, 0.0, 0.0, 0.0, 0.0, 0.0, 1.0), (2, 1, inf, inf, inf, inf, inf, inf, inf)]",1.0,38564,"Stage 2; 225 | Fm-3m | cubic (8) | centrosymmetric (2) | hexoctahedral | m-3m; Pt4; Stage 1; cubic; (2.348798543214798, 2.348798543214798, 2.348798543214798), (90.0, 90.0, 90.0)",[[0 0 8 0 0 0 0 0 0] [0 2 225 1 0 0 0 0 0] [0 -1 -1 -1 0 0 0 0 0] [1 78 4 0 0 0 0 0 0] [1 -1 -1 0 0 0 0 0 0] [2 0 0 0 0 0 0 0 0] [2 1 0.174399271607399 0.0 0.0 0.0 0.0 0.0 1.0] [2 1 inf inf inf inf inf inf inf]]
87,"[2, [4, 2, 139], {78: 4, 3: 2}, [1, [5], [0.10683073848485947, 0.0, 0.34569671750068665, 0.0, 0.0, 0.0]]]","[(0, 2, 139, 0, 0, 0, 0, 0, 0), (0, -1, -1, -1, 0, 0, 0, 0, 0), (1, 78, 4, 0, 0, 0, 0, 0, 0), (1, 3, 2, 0, 0, 0, 0, 0, 0), (1, -1, -1, 0, 0, 0, 0, 0, 0), (2, 0, 0, 0, 0, 0, 0, 0, 0), (2, 1, 0.10683073848485947, 0.0, 0.34569671750068665, 0.0, 0.0, 0.0, 1.0), (2, 1, inf, inf, inf, inf, inf, inf, inf)]",1.0,39126,"Stage 2; 139 | I4/mmm | tetragonal (4) | centrosymmetric (2) | ditetragonal-dipyramidal | 4/mmm; Li2Pt4; Stage 1; tetragonal; (2.213661476969719, 2.213661476969719, 2.6913934350013733), (90.0, 90.0, 90.0)",[[0 2 139 0 0 0 0 0 0] [0 -1 -1 -1 0 0 0 0 0] [1 78 4 0 0 0 0 0 0] [1 3 2 0 0 0 0 0 0] [1 -1 -1 0 0 0 0 0 0] [2 0 0 0 0 0 0 0 0] [2 1 0.10683073848485947 0.0 0.34569671750068665 0.0 0.0 0.0 1.0] [2 1 inf inf inf inf inf inf inf]]
88,"[2, [8, 2, 229], {46: 6}, [1, [0], [0.0984567403793335, 0.0, 0.0, 0.0, 0.0, 0.0]]]","[(0, 0, 8, 0, 0, 0, 0, 0, 0), (0, 2, 229, 1, 0, 0, 0, 0, 0), (0, -1, -1, -1, 0, 0, 0, 0, 0), (1, 46, 6, 0, 0, 0, 0, 0, 0), (1, -1, -1, 0, 0, 0, 0, 0, 0), (2, 0, 0, 0, 0, 0, 0, 0, 0), (2, 1, 0.0984567403793335, 0.0, 0.0, 0.0, 0.0, 0.0, 1.0), (2, 1, inf, inf, inf, inf, inf, inf, inf)]",1.0,40224,"Stage 2; 229 | Im-3m | cubic (8) | centrosymmetric (2) | hexoctahedral | m-3m; Pd6; Stage 1; cubic; (2.196913480758667, 2.196913480758667, 2.196913480758667), (90.0, 90.0, 90.0)",[[0 0 8 0 0 0 0 0 0] [0 2 229 1 0 0 0 0 0] [0 -1 -1 -1 0 0 0 0 0] [1 46 6 0 0 0 0 0 0] [1 -1 -1 0 0 0 0 0 0] [2 0 0 0 0 0 0 0 0] [2 1 0.0984567403793335 0.0 0.0 0.0 0.0 0.0 1.0] [2 1 inf inf inf inf inf inf inf]]
89,"[2, [8, 2, 229], {46: 6}, [1, [0], [0.09845555573701859, 0.0, 0.0, 0.0, 0.0, 0.0]]]","[(0, 2, 229, 0, 0, 0, 0, 0, 0), (0, -1, -1, -1, 0, 0, 0, 0, 0), (1, 46, 6, 0, 0, 0, 0, 0, 0), (1, -1, -1, 0, 0, 0, 0, 0, 0), (2, 0, 0, 0, 0, 0, 0, 0, 0), (2, 1, 0.09845555573701859, 0.0, 0.0, 0.0, 0.0, 0.0, 1.0), (2, 1, inf, inf, inf, inf, inf, inf, inf)]",1.0,40780,"Stage 2; 229 | Im-3m | cubic (8) | centrosymmetric (2) | hexoctahedral | m-3m; Pd6; Stage 1; cubic; (2.196911111474037, 2.196911111474037, 2.196911111474037), (90.0, 90.0, 90.0)",[[0 2 229 0 0 0 0 0 0] [0 -1 -1 -1 0 0 0 0 0] [1 46 6 0 0 0 0 0 0] [1 -1 -1 0 0 0 0 0 0] [2 0 0 0 0 0 0 0 0] [2 1 0.09845555573701859 0.0 0.0 0.0 0.0 0.0 1.0] [2 1 inf inf inf inf inf inf inf]]
90,"[2, [4, 2, 139], {78: 4}, [1, [5], [0.1233387216925621, 0.0, 0.28358715772628784, 0.0, 0.0, 0.0]]]","[(0, 2, 139, 0, 0, 0, 0, 0, 0), (0, -1, -1, -1, 0, 0, 0, 0, 0), (1, 78, 4, 0, 0, 0, 0, 0, 0), (1, -1, -1, 0, 0, 0, 0, 0, 0), (2, 0, 0, 0, 0, 0, 0, 0, 0), (2, 1, 0.1233387216925621, 0.0, 0.28358715772628784, 0.0, 0.0, 0.0, 1.0), (2, 1, inf, inf, inf, inf, inf, inf, inf)]",1.0,41202,"Stage 2; 139 | I4/mmm | tetragonal (4) | centrosymmetric (2) | ditetragonal-dipyramidal | 4/mmm; Pt4; Stage 1; tetragonal; (2.246677443385124, 2.246677443385124, 2.5671743154525757), (90.0, 90.0, 90.0)",[[0 2 139 0 0 0 0 0 0] [0 -1 -1 -1 0 0 0 0 0] [1 78 4 0 0 0 0 0 0] [1 -1 -1 0 0 0 0 0 0] [2 0 0 0 0 0 0 0 0] [2 1 0.1233387216925621 0.0 0.28358715772628784 0.0 0.0 0.0 1.0] [2 1 inf inf inf inf inf inf inf]]
91,"[2, [8, 2, 225], {78: 4}, [1, [0], [0.17440171539783478, 0.0, 0.0, 0.0, 0.0, 0.0]]]","[(0, 2, 225, 0, 0, 0, 0, 0, 0), (0, -1, -1, -1, 0, 0, 0, 0, 0), (1, 78, 4, 0, 0, 0, 0, 0, 0), (1, -1, -1, 0, 0, 0, 0, 0, 0), (2, 0, 0, 0, 0, 0, 0, 0, 0), (2, 1, 0.17440171539783478, 0.0, 0.0, 0.0, 0.0, 0.0, 1.0), (2, 1, inf, inf, inf, inf, inf, inf, inf)]",1.0,41255,"Stage 2; 225 | Fm-3m | cubic (8) | centrosymmetric (2) | hexoctahedral | m-3m; Pt4; Stage 1; cubic; (2.3488034307956696, 2.3488034307956696, 2.3488034307956696), (90.0, 90.0, 90.0)",[[0 2 225 0 0 0 0 0 0] [0 -1 -1 -1 0 0 0 0 0] [1 78 4 0 0 0 0 0 0] [1 -1 -1 0 0 0 0 0 0] [2 0 0 0 0 0 0 0 0] [2 1 0.17440171539783478 0.0 0.0 0.0 0.0 0.0 1.0] [2 1 inf inf inf inf inf inf inf]]
92,"[2, [2, 2, 11], {78: 4, 4: 2}, [1, [2], [0.09069176018238068, 0.23621883988380432, 0.2292085587978363, 0.0, 0.3866657614707947, 0.0]]]","[(0, 2, 11, 0, 0, 0, 0, 0, 0), (0, -1, -1, -1, 0, 0, 0, 0, 0), (1, 78, 4, 0, 0, 0, 0, 0, 0), (1, 4, 2, 0, 0, 0, 0, 0, 0), (1, -1, -1, 0, 0, 0, 0, 0, 0), (2, 0, 0, 0, 0, 0, 0, 0, 0), (2, 1, 0.09069176018238068, 0.23621883988380432, 0.2292085587978363, 0.0, 0.3866657614707947, 0.0, 1.0), (2, 1, inf, inf, inf, inf, inf, inf, inf)]",1.0,41317,"Stage 2; 11 | P12_1/m1 | monoclinic (2) | centrosymmetric (2) | prismatic | 2/m; Be2Pt4; Stage 1; monoclinic; (2.1813835203647614, 2.4724376797676086, 2.4584171175956726), (90.0, 90.93326091766357, 90.0)",[[0 2 11 0 0 0 0 0 0] [0 -1 -1 -1 0 0 0 0 0] [1 78 4 0 0 0 0 0 0] [1 4 2 0 0 0 0 0 0] [1 -1 -1 0 0 0 0 0 0] [2 0 0 0 0 0 0 0 0] [2 1 0.09069176018238068 0.23621883988380432 0.2292085587978363 0.0 0.3866657614707947 0.0 1.0] [2 1 inf inf inf inf inf inf inf]]
93,"[2, [8, 2, 225], {78: 4}, [1, [0], [0.17440630495548248, 0.0, 0.0, 0.0, 0.0, 0.0]]]","[(0, 0, 8, 0, 0, 0, 0, 0, 0), (0, 2, 225, 1, 0, 0, 0, 0, 0), (0, -1, -1, -1, 0, 0, 0, 0, 0), (1, 78, 4, 0, 0, 0, 0, 0, 0), (1, -1, -1, 0, 0, 0, 0, 0, 0), (2, 0, 0, 0, 0, 0, 0, 0, 0), (2, 1, 0.17440630495548248, 0.0, 0.0, 0.0, 0.0, 0.0, 1.0), (2, 1, inf, inf, inf, inf, inf, inf, inf)]",1.0,41726,"Stage 2; 225 | Fm-3m | cubic (8) | centrosymmetric (2) | hexoctahedral | m-3m; Pt4; Stage 1; cubic; (2.348812609910965, 2.348812609910965, 2.348812609910965), (90.0, 90.0, 90.0)",[[0 0 8 0 0 0 0 0 0] [0 2 225 1 0 0 0 0 0] [0 -1 -1 -1 0 0 0 0 0] [1 78 4 0 0 0 0 0 0] [1 -1 -1 0 0 0 0 0 0] [2 0 0 0 0 0 0 0 0] [2 1 0.17440630495548248 0.0 0.0 0.0 0.0 0.0 1.0] [2 1 inf inf inf inf inf inf inf]]
94,"[2, [8, 2, 229], {46: 6}, [1, [0], [0.0984511598944664, 0.0, 0.0, 0.0, 0.0, 0.0]]]","[(0, 1, 2, 0, 0, 0, 0, 0, 0), (0, 2, 229, 2, 0, 0, 0, 0, 0), (0, -1, -1, -1, 0, 0, 0, 0, 0), (1, 46, 6, 0, 0, 0, 0, 0, 0), (1, -1, -1, 0, 0, 0, 0, 0, 0), (2, 0, 0, 0, 0, 0, 0, 0, 0), (2, 1, 0.0984511598944664, 0.0, 0.0, 0.0, 0.0, 0.0, 1.0), (2, 1, inf, inf, inf, inf, inf, inf, inf)]",1.0,41888,"Stage 2; 229 | Im-3m | cubic (8) | centrosymmetric (2) | hexoctahedral | m-3m; Pd6; Stage 1; cubic; (2.196902319788933, 2.196902319788933, 2.196902319788933), (90.0, 90.0, 90.0)",[[0 1 2 0 0 0 0 0 0] [0 2 229 2 0 0 0 0 0] [0 -1 -1 -1 0 0 0 0 0] [1 46 6 0 0 0 0 0 0] [1 -1 -1 0 0 0 0 0 0] [2 0 0 0 0 0 0 0 0] [2 1 0.0984511598944664 0.0 0.0 0.0 0.0 0.0 1.0] [2 1 inf inf inf inf inf inf inf]]
95,"[2, [2, 2, 11], {78: 4, 12: 2}, [1, [2], [0.10950177907943726, 0.2047174572944641, 0.30231568217277527, 0.0, 0.2661595344543457, 0.0]]]","[(0, 0, 2, 0, 0, 0, 0, 0, 0), (0, 2, 11, 1, 0, 0, 0, 0, 0), (0, -1, -1, -1, 0, 0, 0, 0, 0), (1, 78, 4, 0, 0, 0, 0, 0, 0), (1, 12, 2, 0, 0, 0, 0, 0, 0), (1, -1, -1, 0, 0, 0, 0, 0, 0), (2, 0, 0, 0, 0, 0, 0, 0, 0), (2, 1, 0.10950177907943726, 0.2047174572944641, 0.30231568217277527, 0.0, 0.2661595344543457, 0.0, 1.0), (2, 1, inf, inf, inf, inf, inf, inf, inf)]",1.0,42288,"Stage 2; 11 | P12_1/m1 | monoclinic (2) | centrosymmetric (2) | prismatic | 2/m; Mg2Pt4; Stage 1; monoclinic; (2.2190035581588745, 2.4094349145889282, 2.6046313643455505), (90.0, 81.29276275634766, 90.0)",[[0 0 2 0 0 0 0 0 0] [0 2 11 1 0 0 0 0 0] [0 -1 -1 -1 0 0 0 0 0] [1 78 4 0 0 0 0 0 0] [1 12 2 0 0 0 0 0 0] [1 -1 -1 0 0 0 0 0 0] [2 0 0 0 0 0 0 0 0] [2 1 0.10950177907943726 0.2047174572944641 0.30231568217277527 0.0 0.2661595344543457 0.0 1.0] [2 1 inf inf inf inf inf inf inf]]
96,"[2, [8, 2, 229], {78: 6}, [1, [0], [0.3443599045276642, 0.0, 0.0, 0.0, 0.0, 0.0]]]","[(0, 1, 2, 0, 0, 0, 0, 0, 0), (0, 2, 229, 2, 0, 0, 0, 0, 0), (0, -1, -1, -1, 0, 0, 0, 0, 0), (1, 78, 6, 0, 0, 0, 0, 0, 0), (1, -1, -1, 0, 0, 0, 0, 0, 0), (2, 0, 0, 0, 0, 0, 0, 0, 0), (2, 1, 0.3443599045276642, 0.0, 0.0, 0.0, 0.0, 0.0, 1.0), (2, 1, inf, inf, inf, inf, inf, inf, inf)]",1.0,42793,"Stage 2; 229 | Im-3m | cubic (8) | centrosymmetric (2) | hexoctahedral | m-3m; Pt6; Stage 1; cubic; (2.6887198090553284, 2.6887198090553284, 2.6887198090553284), (90.0, 90.0, 90.0)",[[0 1 2 0 0 0 0 0 0] [0 2 229 2 0 0 0 0 0] [0 -1 -1 -1 0 0 0 0 0] [1 78 6 0 0 0 0 0 0] [1 -1 -1 0 0 0 0 0 0] [2 0 0 0 0 0 0 0 0] [2 1 0.3443599045276642 0.0 0.0 0.0 0.0 0.0 1.0] [2 1 inf inf inf inf inf inf inf]]
97,"[2, [8, 2, 225], {78: 4}, [1, [0], [0.17440606653690338, 0.0, 0.0, 0.0, 0.0, 0.0]]]","[(0, 2, 225, 0, 0, 0, 0, 0, 0), (0, -1, -1, -1, 0, 0, 0, 0, 0), (1, 78, 4, 0, 0, 0, 0, 0, 0), (1, -1, -1, 0, 0, 0, 0, 0, 0), (2, 0, 0, 0, 0, 0, 0, 0, 0), (2, 1, 0.17440606653690338, 0.0, 0.0, 0.0, 0.0, 0.0, 1.0), (2, 1, inf, inf, inf, inf, inf, inf, inf)]",1.0,42818,"Stage 2; 225 | Fm-3m | cubic (8) | centrosymmetric (2) | hexoctahedral | m-3m; Pt4; Stage 1; cubic; (2.3488121330738068, 2.3488121330738068, 2.3488121330738068), (90.0, 90.0, 90.0)",[[0 2 225 0 0 0 0 0 0] [0 -1 -1 -1 0 0 0 0 0] [1 78 4 0 0 0 0 0 0] [1 -1 -1 0 0 0 0 0 0] [2 0 0 0 0 0 0 0 0] [2 1 0.17440606653690338 0.0 0.0 0.0 0.0 0.0 1.0] [2 1 inf inf inf inf inf inf inf]]
98,"[2, [8, 2, 229], {46: 6}, [1, [0], [0.098455511033535, 0.0, 0.0, 0.0, 0.0, 0.0]]]","[(0, 0, 8, 0, 0, 0, 0, 0, 0), (0, 1, 2, 1, 0, 0, 0, 0, 0), (0, 2, 229, 3, 0, 0, 0, 0, 0), (0, -1, -1, -1, 0, 0, 0, 0, 0), (1, 46, 6, 0, 0, 0, 0, 0, 0), (1, -1, -1, 0, 0, 0, 0, 0, 0), (2, 0, 0, 0, 0, 0, 0, 0, 0), (2, 1, 0.098455511033535, 0.0, 0.0, 0.0, 0.0, 0.0, 1.0), (2, 1, inf, inf, inf, inf, inf, inf, inf)]",1.0,42850,"Stage 2; 229 | Im-3m | cubic (8) | centrosymmetric (2) | hexoctahedral | m-3m; Pd6; Stage 1; cubic; (2.19691102206707, 2.19691102206707, 2.19691102206707), (90.0, 90.0, 90.0)",[[0 0 8 0 0 0 0 0 0] [0 1 2 1 0 0 0 0 0] [0 2 229 3 0 0 0 0 0] [0 -1 -1 -1 0 0 0 0 0] [1 46 6 0 0 0 0 0 0] [1 -1 -1 0 0 0 0 0 0] [2 0 0 0 0 0 0 0 0] [2 1 0.098455511033535 0.0 0.0 0.0 0.0 0.0 1.0] [2 1 inf inf inf inf inf inf inf]]
99,"[2, [4, 2, 139], {78: 4, 3: 2}, [1, [5], [0.12959840893745422, 0.0, 0.29199889302253723, 0.0, 0.0, 0.0]]]","[(0, 1, 2, 0, 0, 0, 0, 0, 0), (0, 0, 4, 2, 0, 0, 0, 0, 0), (0, 2, 139, 3, 0, 0, 0, 0, 0), (0, -1, -1, -1, 0, 0, 0, 0, 0), (1, 78, 4, 0, 0, 0, 0, 0, 0), (1, 3, 2, 0, 0, 0, 0, 0, 0), (1, -1, -1, 0, 0, 0, 0, 0, 0), (2, 0, 0, 0, 0, 0, 0, 0, 0), (2, 1, 0.12959840893745422, 0.0, 0.29199889302253723, 0.0, 0.0, 0.0, 1.0), (2, 1, inf, inf, inf, inf, inf, inf, inf)]",1.0,43010,"Stage 2; 139 | I4/mmm | tetragonal (4) | centrosymmetric (2) | ditetragonal-dipyramidal | 4/mmm; Li2Pt4; Stage 1; tetragonal; (2.2591968178749084, 2.2591968178749084, 2.5839977860450745), (90.0, 90.0, 90.0)",[[0 1 2 0 0 0 0 0 0] [0 0 4 2 0 0 0 0 0] [0 2 139 3 0 0 0 0 0] [0 -1 -1 -1 0 0 0 0 0] [1 78 4 0 0 0 0 0 0] [1 3 2 0 0 0 0 0 0] [1 -1 -1 0 0 0 0 0 0] [2 0 0 0 0 0 0 0 0] [2 1 0.12959840893745422 0.0 0.29199889302253723 0.0 0.0 0.0 1.0] [2 1 inf inf inf inf inf inf inf]]
